Text,Tag
"but for those who have the money, the world is their oyster.",no
Actually listen to understand how they're really feeling and re-introduce the offer by genuinely showing them how your services can help them.,yes
The going title is 'Cocaine Hearts' with Leonardo DiCaprio to star as Byron's billionaire father.,yes
This is not the way to let people go.,no
Consumer advocate Ralph Nader thinks so.,no
"They didn't even reach out with a brief call recap - something I make a point to do after every 1-on-1 client call (both for my memory's sake and for the prospective client's).It was almost as if this PR team decided to give up, call it quits, and accept their defeat.",yes
The cat-lawyer pushes these buttons too:,no
I wrote this article for The Startup called 'Stop Worrying About How Your Life Looks on Instagram.',yes
"Some time ago, I heard the following excellent phrase:One picture is better than 1000 words, and one video",yes
"Hell, I have this problem when I'm pair programming, which I often use as a teaching tool.",yes
Even the little hearts and smilies are higher up in the visual hierarchy.,yes
so many wine estates it is impossible to know where to start.,yes
Do I simply sit down and learn for 20 hours straights?,yes
There's nothing more natural than that.,no
Andrew Weil teaches the 4-7-8 breathing technique that I have used for years and find very helpful.,yes
Is it because they're better at what they do?,no
We will use to_numpy function provided by Pandas to do so.,yes
"(the research is super interesting if you do) to find Henrich's explanation of how learning to read permanently rewires our brains fascinating:No one is going to quiz you on brain anatomy, so you probably don't need to memorize the specifics here.",no
"What knowledge does it guarantee?While native speakers have an intuitive understanding of their language, a command of spelling, grammar, and other linguistic rules is not a given.",yes
"UK nut butter brand Pip &Nut hosted a three-day pop-up in London's Shoreditch, where it ran a series of hour-long workshops.",yes
