sent,type
Conservatism will prevent my children and my grandchildren from fulfilling their destiny as Americans.,"['a1_future_simple', 'a2_ing_non_finite_forms']"
"I'm already living it, said Karl Brauer, senior analyst with Kelley Blue Book, an automotive research company.","['a2_say_reported_verb', 'a1_present_continuous_act_rn']"
Probably I do better without the support I'm talking about because that's why I'm here in the first place.,"['a1_present_simple_reg_act', 'a1_present_continuous_act_rn', 'a1_to_be_present_is_am_are']"
"Daniel did not take this fact lightly, in fact he completely lost it.",['a1_past_simple_irreg']
After taking a glimpse at the title I first thought that it was yet another story about catching a cheating wife.,"['a2_ing_non_finite_forms', 'a1_past_simple_irreg', 'a1_to_be_past_was_were']"
They have even said that those like ISIS can no longer even be considered Muslims.,"['a2_present_perfect', 'a1_can', 'a2_passive_modal_verbs']"
I was wondering what you think makes a person tolerable for you?,"['a2_past_continuous', 'a1_present_simple_reg_act', 'a1_present_simple_3d_pers', 'a1_special_questions']"
"After asking Harry furiously if he knew the man, Aunt Petunia had rushed them out of the shop without buying anything.","['a2_ing_non_finite_forms', 'a2_pr_reported_speech', 'a2_past_perfect_basic']"
"Never mind that, do you think he remembers what You-Know-Who looks like?","['a1_present_simple_reg_act', 'a1_present_simple_3d_pers']"
Malfoy told Madam Pomfrey he wanted to borrow one of my books so he could come and have a good laugh at me.,"['a2_tell_reported_verb', 'a2_to_non_finite_forms', 'a2_could', 'a1_past_simple_reg']"
"They were a witch and wizard, if that's what you mean.","['a1_to_be_past_was_were', 'a1_to_be_present_is_am_are', 'a1_present_simple_reg_act']"
I know because I tried to become omnipresent and it led to burnout and little results.,"['a1_past_simple_reg', 'a2_to_non_finite_forms', 'a1_past_simple_irreg']"
I guess this was why Kabir would have me work at the store from time to time.,"['a1_to_be_past_was_were', 'a2_zero_non_finite_forms']"
Everyone at the party expressed admiration for his courage and promised to keep his secret.,"['a1_past_simple_reg', 'a2_to_non_finite_forms']"
"But if we are stressed, fatigued, or otherwise in a sub-optimal state, our body's response gets dampened.","['a2_zero_conditional_if_m', 'a1_to_be_present_is_am_are', 'a2_adjectives_ed', 'a1_possesive_s_sing', 'a1_present_simple_3d_pers']"
I am known as Captain Organic and that's a philosophical position as well as an aesthetic position.,"['a2_passive_present_simple', 'a1_to_be_present_is_am_are']"
"In January 2000, the price was 10,000 dollars, or 27 dollars a day.",['a1_to_be_past_was_were']
A passage in the filing says: The sponsor is Donald J Trump.,"['a2_say_reported_verb', 'a1_to_be_present_is_am_are']"
"In their announcement, I heard the buzzwords diversity and inclusion several times, and those trend words put me on edge.",['a1_past_simple_irreg']
"It comes naturally out of the laws of physics, he said.","['a1_present_simple_3d_pers', 'a2_say_reported_verb']"
"I am now alone, with no information, trying to keep Serena away from the classroom.","['a1_to_be_present_is_am_are', 'a2_to_non_finite_forms']"
"Being removed doesn't make the content bad, it just makes the content in the wrong place.","['a2_ing_non_finite_forms', 'a1_possesive_s_sing']"
I was just a dumb kid that was embarrassed about dropping a whole roll in the toilet.,"['a1_to_be_past_was_were', 'a2_adjectives_ed', 'a2_ing_non_finite_forms', 'a2_relative_clause_who_which_that']"
When we were at the restaurant the other day my father fingered the waitress and she came.,"['a1_to_be_past_was_were', 'a1_past_simple_reg', 'a1_past_simple_irreg']"
"They tugged and heaved at the door, but it wouldn't budge, not even when Hermione tried her Alohomora Charm.",['a1_past_simple_reg']
"You're right, Harry, said Hermione in a small voice.","['a2_say_reported_verb', 'a1_to_be_present_is_am_are']"
"It is a beautiful and terrible thing, and should therefore be treated with great caution.","['a1_to_be_present_is_am_are', 'a2_should', 'a2_passive_modal_verbs']"
Dumbledore's silver hair was the only thing in the whole hall that shone as brightly as the ghosts.,"['a1_to_be_past_was_were', 'a1_past_simple_irreg']"
"After talking about it for a bit, they decided to walk to the government shelter nearby.","['a2_ing_non_finite_forms', 'a1_past_simple_reg']"
I'd not known much about the Basque Country before this trip.,['a2_past_perfect_basic']
"Believe me, my man, I have no problem attracting exactly what I need exactly when I need it.","['a2_imperatives', 'a1_present_simple_reg_act', 'a2_ing_non_finite_forms']"
"A month later, Brophy's entire Hermit Series sold out the night of the opening.","['a1_possesive_s_sing', 'a1_past_simple_irreg']"
From the ease with which you swept away obstacles that no one knew could even be budged.,"['a1_past_simple_irreg', 'a2_passive_modal_verbs', 'a2_relative_clause_who_which_that']"
I know that's the stereotype; I've never met one of them.,"['a1_to_be_present_is_am_are', 'a2_present_perfect']"
"You know, Brazilian music scene isn't just answering the major labels.","['a1_present_continuous_act_rn', 'a1_present_simple_reg_act']"
"There's still so much to do, but there have been huge improvements in acceptance.","['a1_to_be_present_is_am_are', 'a2_present_perfect', 'a2_to_non_finite_forms']"
"The best case for Hillary Clinton cannot be, and is not, that she isn't Donald Trump.","['a1_can', 'a1_to_be_present_is_am_are']"
"During his famous voyage, Cook helped map the Pacific Ocean and took possession of Australia in the name of the Crown.","['a1_past_simple_reg', 'a1_past_simple_irreg']"
Worked in a Thai restaurant for a while and for some of them it was like a contest of who could eat the spiciest-,"['a1_past_simple_reg', 'a1_to_be_past_was_were', 'a2_could', 'a2_relative_clause_who_which_that']"
If he asks you to do it he won't judge you for.doing it.,"['a1_present_simple_3d_pers', 'a1_future_simple', 'a2_ing_non_finite_forms']"
"Further, they aren't designed to get you out of poverty.","['a1_to_be_present_is_am_are', 'a2_passive_present_simple', 'a2_to_non_finite_forms']"
I guess I'll relate a few stories here that played into my decision to leave the profession.,"['a1_future_simple', 'a1_past_simple_reg', 'a2_to_non_finite_forms']"
How could they have been so stupid as to forget the cloak?,"['a2_could', 'a2_present_perfect']"
He remembered being picked for teams during gym at his old school.,"['a1_past_simple_reg', 'a2_ing_non_finite_forms']"
I have a special gift with trolls - you must have seen what I did to the one in the chamber back there?,"['a1_present_simple_reg_act', 'a2_must', 'a1_past_simple_irreg', 'a1_be_have_do_in_the_past']"
What would happen when the rest of Gryffindor found out what they'd done?,"['a1_special_questions', 'a1_past_simple_irreg', 'a2_past_perfect_basic']"
"Study the language, be prepared to become part of a new community, and do the research to know what to expect.","['a2_imperatives', 'a2_to_non_finite_forms']"
Are you fluent in the language of whichever country you would like to move to?,"['a1_to_be_present_is_am_are', 'a1_want_would_like_to']"
We can translate a partial emotional integration as loving your new country and shaping your personality by its influences.,"['a1_can', 'a2_ing_non_finite_forms']"
"So I have a big interest in education, and I think we all do.",['a1_present_simple_reg_act']
They're photographers who had documented the Lower Ninth for the last 40 years.,"['a1_to_be_present_is_am_are', 'a2_past_perfect_basic']"
"And it's pretty sad, because I only go back five generations, and that's it.","['a1_to_be_present_is_am_are', 'a1_present_simple_reg_act']"
"Once you have stayed here, you cannot go back.'","['a2_present_perfect', 'a1_can']"
The Turks want us to work and work and work - without money or rights.,"['a1_present_simple_reg_act', 'a2_to_non_finite_forms']"
All of the park's glaciers are on course to completely disappear by the middle of the century.,"['a1_possesive_s_sing', 'a2_to_non_finite_forms']"
A police investigation found no evidence to back up Jackie's rape claims.,"['a1_past_simple_irreg', 'a2_to_non_finite_forms', 'a1_possesive_s_sing']"
That says a lot about the character of your DM that he was able to about-face and apologize like that.,"['a1_present_simple_3d_pers', 'a2_was_were_be_able_to']"
My attempt to reciprocate is cut brutally short as my body experiences a sudden lack of electrons.,"['a2_to_non_finite_forms', 'a1_to_be_present_is_am_are']"
They most likely pursued football at a higher level because they were talented and loved the game.,"['a1_past_simple_reg', 'a2_adjectives_ed', 'a1_to_be_past_was_were']"
He's not going to be fair if we might overtake Slytherin.,"['a2_is_am_are_going_to', 'a2_first_conditional_m_if']"
"No - no - not again, please - It sounded as though someone was threatening him.","['a1_past_simple_reg', 'a2_past_continuous']"
"Behind the glass, all sorts of lizards and snakes were crawling and slithering over bits of wood and stone.",['a2_past_continuous']
"But the glass, he kept saying, where did the glass go?","['a1_past_simple_irreg', 'a1_special_questions']"
"Unconcerned, he borrowed some money from my granddad and disappeared again for a few weeks.","['a1_past_simple_irreg', 'a1_past_simple_reg']"
There's no harm in lightening how long you think a certain task will take.,"['a1_there_is_am_are', 'a1_future_simple', 'a1_present_simple_reg_act']"
"And she said Yes, that's former Vice President Al Gore and his wife, Tipper.","['a2_say_reported_verb', 'a1_to_be_present_is_am_are']"
More and more of the inert matter of the globe is being touched and animated by life.,['a2_passive_present_cont']
I became the doctor in an absolutely awful movie called Medicine Ball Caravan.,['a1_past_simple_irreg']
"Well, first of all, I would emphasize that it fits into the non-zero-sum framework, OK.",['a1_present_simple_3d_pers']
"And maybe, just maybe, you felt one candidate was a very clear winner by the end of it all.","['a1_past_simple_irreg', 'a1_to_be_past_was_were']"
"Countries in other parts of the world are inundated with formula marketing, which has led to plummeting breastfeeding rates.","['a2_passive_present_simple', 'a2_relative_clause_who_which_that', 'a2_present_perfect', 'a2_adjectives_ing']"
"López Rivera insists that the focus was always on bricks and mortar, not people.","['a1_present_simple_3d_pers', 'a1_to_be_past_was_were']"
"That's when he rediscovered his passion for the monarch butterfly, reproducing pictures of the insects as a reflection on their migration.","['a1_to_be_present_is_am_are', 'a1_past_simple_reg']"
I make it there and am immediately rushed back where 3 doctors are standing.,"['a1_present_simple_reg_act', 'a2_passive_present_simple', 'a2_relative_clause_others', 'a1_present_continuous_act_rn']"
Who listens to a 5 year old regarding investments in the first place?,"['a1_present_simple_3d_pers', 'a1_special_questions']"
"That's just self-interest, and it's the motivating factor for companies to squeeze costs, including labor.","['a1_to_be_present_is_am_are', 'a2_to_non_finite_forms']"
It took me SIX YEARS just to get shared custody of my son.,"['a1_past_simple_irreg', 'a2_to_non_finite_forms']"
I have to fly around our hoops and stop the other team from scoring.,"['a2_have_to', 'a2_ing_non_finite_forms']"
Can't nothing interfere with a broomstick except powerful Dark magic - no kid could do that to a Nimbus Two Thousand.,"['a2_could', 'a1_can']"
Then he noticed a grubby little package wrapped up in brown paper lying on the floor.,['a1_past_simple_reg']
The books we need are the kind that act upon us like a misfortune.,"['a1_present_simple_reg_act', 'a1_to_be_present_is_am_are']"
"The spirit of Le Pays Basque is simple, pure, and incredibly beautiful.",['a1_to_be_present_is_am_are']
"Finally, one bright Friday morning, a letter arrived from the embassy, wrapped in bright blue tape.",['a1_past_simple_reg']
So how is my new office space compared to living on land?First of all - I do not always work from the boat.,"['a2_passive_present_simple', 'a1_special_questions', 'a1_present_simple_reg_act']"
We spent four hours being told all about vocabulary that needs to be built between engineers and designers.,"['a1_past_simple_irreg', 'a2_ing_non_finite_forms', 'a1_present_simple_3d_pers']"
"And when we showed the film in both the United States and the Arab world, we had such incredible reactions.","['a1_past_simple_reg', 'a1_be_have_do_in_the_past']"
"And the girl said, I'm drawing a picture of God.","['a2_say_reported_verb', 'a1_present_continuous_act_rn']"
"And hemorrhagic smallpox, the most cruel of all, which had a predilection for pregnant women.","['a1_superlative_long', 'a2_relative_clause_who_which_that', 'a1_be_have_do_in_the_past', 'a1_past_simple_irreg']"
But Trump only has one shot left to do that: the TV debates that start in another seven weeks.,"['a1_present_simple_3d_pers', 'a2_to_non_finite_forms', 'a2_relative_clause_who_which_that', 'a1_present_simple_reg_act']"
We have a lot of problems in physics and we can't blame our failure to solve them on simulation.,"['a1_present_simple_reg_act', 'a1_can', 'a2_to_non_finite_forms']"
"Do we want a city that supports its economy, whose people feel free to move around?","['a1_present_simple_3d_pers', 'a1_present_simple_reg_act', 'a2_relative_clause_others', 'a2_to_non_finite_forms']"
More than 90% of voters have said that the economy is extremely important to them.,"['a2_say_reported_verb', 'a1_to_be_present_is_am_are']"
Then felt guilty because I wouldn't have done that if the guy had been white.,"['a1_past_simple_irreg', 'a2_past_perfect_basic']"
Then I pretend I'm making a phone call and VERY LOUDLY use their number in my fake conversation.,"['a1_present_simple_reg_act', 'a1_present_continuous_act_rn']"
Standing on a street corner accepting a compliment and shaking a hand.,['a2_ing_non_finite_forms']
"At the doctor's office now, she tells me both ears are clogged.","['a1_present_simple_3d_pers', 'a2_passive_present_simple', 'a1_possesive_s_sing']"
"An old man was standing before them, his wide, pale eyes shining like moons through the gloom of the shop.",['a2_past_continuous']
"You've already seen him, Ginny, and the poor boy isn't something you goggle at in a zoo.","['a2_present_perfect', 'a1_to_be_present_is_am_are', 'a1_present_simple_reg_act']"
Harry had just finished telling Ron what had happened when he'd left the grounds with Professor McGonagall.,"['a2_past_perfect_basic', 'a2_narrative_tenses']"
"However, mild competition can be healthy and in fact, a necessary source of inspiration.","['a1_can', 'a2_passive_modal_verbs']"
This is a belief that parents in all Northern European countries share.,"['a1_to_be_present_is_am_are', 'a1_present_simple_reg_act']"
"As soon as he sat down, he closed his eyes and imagined he was flying.","['a1_past_simple_reg', 'a2_past_continuous']"
"She began to reveal her story to him, the test results, what was ahead of her in the coming months.","['a1_past_simple_irreg', 'a2_to_non_finite_forms', 'a1_to_be_past_was_were']"
"This is going to show you, real time, an assembler.",['a2_is_am_are_going_to']
"The biggest languages are German, Japanese, French - all the Western-European languages are quite big.","['a1_superlative_short', 'a1_to_be_present_is_am_are']"
But I want to argue that this is the moment that you are designed for.,"['a2_to_non_finite_forms', 'a1_present_simple_reg_act', 'a1_to_be_present_is_am_are', 'a2_passive_present_simple']"
"In tears, I confided to my wife, I've finally broken through.","['a1_past_simple_reg', 'a2_present_perfect']"
"Instead, she has captured something of the confidence of a generation who will not accept that they should slip into the shadows.","['a2_present_perfect', 'a1_future_simple', 'a2_should']"
Controlled tend to be reserved for spacecraft that pose a potential risk to people when they fall back to Earth.,"['a1_present_simple_reg_act', 'a2_to_non_finite_forms']"
"I decided not to go on hormone blockers, because it wouldn't really do much for me.","['a1_past_simple_reg', 'a2_to_non_finite_forms']"
I thought if you just blew into a balloon it would rise.,"['a2_second_conditional_if_m', 'a1_past_simple_irreg']"
What are you going to do to end the corrupting influence of money in politics during your second term?,"['a1_special_questions', 'a2_is_am_are_going_to', 'a2_ing_non_finite_forms']"
"Necks aren't clean and straight in most cases, but the printing is top-notch.",['a1_to_be_present_is_am_are']
"She asked me if she should shave, I said to give it a shot.","['a1_past_simple_reg', 'a2_say_reported_verb', 'a2_should', 'a2_pr_reported_speech']"
"They're in here somewhere, they heard him mutter, probably hiding.","['a1_to_be_present_is_am_are', 'a1_past_simple_irreg']"
"He was starting to attract a lot of funny looks, because of Hedwig.","['a2_past_continuous', 'a2_to_non_finite_forms']"
"You've had nearly fifteen minutes, now OUT, she said firmly.","['a2_present_perfect', 'a2_say_reported_verb']"
Look at your existing workflow for opportunities where you can improve your efficiency.,"['a2_imperatives', 'a1_can', 'a2_relative_clause_others']"
He would do whatever he had to do in order to stay.,"['a2_had_to', 'a2_to_non_finite_forms']"
The ocean is a rough place and you need to endure whatever weather mother earth throws at you.,"['a1_to_be_present_is_am_are', 'a1_present_simple_reg_act', 'a2_to_non_finite_forms', 'a1_present_simple_3d_pers']"
These liners are usually quite affordable and make it easy for your bag to function well in multiple temperatures.,"['a1_to_be_present_is_am_are', 'a2_to_non_finite_forms']"
"And four months before this happened, four months before Myesha died, I thought I could really fix this man.","['a1_past_simple_reg', 'a1_past_simple_irreg', 'a2_could']"
"So, how we eradicated smallpox was - mass vaccination wouldn't work.","['a1_past_simple_reg', 'a1_to_be_past_was_were']"
"Now it's evening, and my dinner first grew cold, and then grew mold.","['a1_to_be_present_is_am_are', 'a1_past_simple_irreg']"
"Well, we feel that now is the time to prove we're right.","['a1_present_simple_reg_act', 'a1_to_be_present_is_am_are', 'a2_to_non_finite_forms']"
Obama has followed in the first lady tradition by putting fashion centre stage of her public persona.,"['a2_present_perfect', 'a2_ing_non_finite_forms']"
HBO host John Oliver achieved the destruction of Donald Trump on 29 February 2016.,['a1_past_simple_reg']
There is no calculator that can account for the cultural and economic legacies of slavery and discrimination.,"['a1_there_is_am_are', 'a1_can']"
"If he does, these Aleppo moments will become a daily fixture in our lives.","['a2_first_conditional_if_m', 'a1_present_simple_3d_pers', 'a1_future_simple']"
He was repeating his experiment to see if he got the same results.,"['a2_past_continuous', 'a1_past_simple_irreg', 'a2_to_non_finite_forms']"
There is some idiot below who has stated that I have picked and chosen quotes to emphaisise my own views.,"['a1_there_is_am_are', 'a2_relative_clause_who_which_that', 'a2_present_perfect', 'a2_to_non_finite_forms']"
"Good luck with the new medicine, and again, thank you for being so involved in your own care.",['a2_ing_non_finite_forms']
And then I felt like shit because I realized the number may not be 0.,"['a1_past_simple_irreg', 'a1_past_simple_reg']"
"It was addressed to you by mistake, said Uncle Vernon shortly.","['a2_passive_past_simple', 'a2_say_reported_verb']"
"He lay on his bed reading late into the night, Hedwig swooping in and out of the open window as she pleased.","['a1_past_simple_irreg', 'a1_past_simple_reg']"
"I want Fang, said Malfoy quickly, looking at Fang's long teeth.","['a1_present_simple_reg_act', 'a2_say_reported_verb']"
"At exactly 6pm IST last evening, the universal gravitational constant appears to have increased by precisely 2%.","['a1_present_simple_reg_act', 'a2_to_non_finite_forms']"
"At Easter 2019, we finally sold our apartment and had no plans for the future.","['a1_past_simple_irreg', 'a1_be_have_do_in_the_past']"
The feeling of a freshwater shower - the boat is not magically supplied with unlimited amounts of water!,['a2_passive_present_simple']
So many course creators start putting out social media content before having a list and are missing out on tons of subscribers.,"['a2_ing_non_finite_forms', 'a1_present_continuous_act_rn']"
"First of all, it can accommodate; it doesn't deny the existence of inequality exploitation war.","['a1_can', 'a1_present_simple_3d_pers']"
"It cost 10 dollars per base pair in 1990, then a penny in 2000.",['a1_past_simple_irreg']
"That gets you 250,000 dead in the Sudan in the last 15 months.",['a1_present_simple_3d_pers']
"By what it wants, I mean, what are its inherent trends and biases?","['a1_present_simple_3d_pers', 'a1_special_questions', 'a1_to_be_present_is_am_are']"
She told ESPN how she noticed his personality change in the last year of his life.,"['a2_tell_reported_verb', 'a1_past_simple_reg', 'a1_past_simple_irreg']"
Court documents show that the woman said she was harassed by Parker and Celestin after she reported the incident to the police.,"['a1_present_simple_reg_act', 'a2_say_reported_verb', 'a1_past_simple_irreg', 'a2_passive_past_simple', 'a1_past_simple_reg']"
Generations have grown up and grown old with the fear of dying at sea.,"['a2_present_perfect', 'a2_ing_non_finite_forms']"
There would no longer be any distinction between the representative version of me online versus living every day with full authenticity.,['a2_ing_non_finite_forms']
"Owens said Sigma Alpha Mu fraternity members caused significant damage to furniture, carpet, walls and ceilings.","['a2_say_reported_verb', 'a1_past_simple_irreg', 'a1_past_simple_reg', 'a2_to_non_finite_forms']"
"We get downstairs to his washroom which connects to the hallway leading to outside, and the room is flooding quickly.","['a1_present_simple_reg_act', 'a2_relative_clause_who_which_that', 'a1_present_simple_3d_pers', 'a1_present_continuous_act_rn']"
"My last words to those parents were, You know what we taught Alyssa today?","['a1_to_be_past_was_were', 'a1_special_questions', 'a1_past_simple_irreg', 'a1_present_simple_reg_act']"
"Quite apart from wanting to win, Harry found that he had fewer nightmares when he was tired out after training.","['a1_past_simple_irreg', 'a1_be_have_do_in_the_past', 'a1_to_be_past_was_were']"
"In fact, it was nearly midnight before the cat moved at all.","['a1_to_be_past_was_were', 'a1_past_simple_reg']"
"We haven't won since Charlie left, but this year's team is going to be brilliant.","['a2_present_perfect', 'a1_possesive_s_sing', 'a2_is_am_are_going_to']"
"Spinnet - passes Bell - hit hard in the face by a Bludger, hope it broke his nose - only joking,","['a1_present_simple_3d_pers', 'a1_past_simple_irreg', 'a1_present_simple_reg_act', 'a1_past_simple_reg']"
"The cathedral is a reminder of this city's medieval history, a fascinating cultural blend of the past and present.","['a1_to_be_present_is_am_are', 'a1_possesive_s_sing']"
"Besides, when a place does exist, readers expect to 'recognise it'.","['a1_present_simple_3d_pers', 'a2_to_non_finite_forms']"
He walked his pilot through a three-step strategy to give more clarity about his life goals.,"['a1_past_simple_reg', 'a2_to_non_finite_forms']"
"For spring and summer, a 20 °F to 30 ° F bag should do the trick.","['a2_should', 'a2_zero_non_finite_forms']"
But the difference of a few years on stock-market valuations is obviously extreme.,['a1_to_be_present_is_am_are']
"So, you know, you've got to actually do your homework, in order to understand whether this is true.","['a1_present_simple_reg_act', 'a1_have_has_got', 'a2_to_non_finite_forms', 'a1_to_be_present_is_am_are']"
"We had two opaque boxes: one with government-approved THC marijuana, and one with nothing.","['a1_past_simple_irreg', 'a1_be_have_do_in_the_past']"
"It's followed with a parenthetical notation of your political alignment, from Very Conservative to Very Liberal .",['a2_passive_present_simple']
"We did sweeping operations lasting 30 days, getting villagers out of their homes, moving them off the rice paddies, them.","['a1_past_simple_irreg', 'a1_be_have_do_in_the_past']"
I knew I was trans from about three or four years old.,"['a1_past_simple_irreg', 'a1_to_be_past_was_were']"
The real surprise of 2016 is how constant this contest has been.,"['a1_to_be_present_is_am_are', 'a2_present_perfect']"
"But, it just kind of happened, bought new shoes and needed someplace to cum, used the box.","['a1_past_simple_irreg', 'a1_past_simple_reg']"
"Nancy, if you were my wife, I'd drink it.","['a2_second_conditional_if_m', 'a1_to_be_past_was_were']"
"Bought all 4 for $70, which reduced my food budget to $16 for the next two weeks.","['a2_relative_clause_who_which_that', 'a1_past_simple_reg']"
"She had short, gray hair, and yellow eyes like a hawk.",['a1_be_have_do_in_the_past']
"And they've got this son - I saw him kicking his mother all the way up the street, screaming for sweets.","['a1_have_has_got', 'a1_past_simple_irreg']"
"Madam Pomfrey, however, felt it might not be very hygienic, and confiscated it.","['a1_past_simple_irreg', 'a1_past_simple_reg']"
Martha scrunched her nose and waggled a finger from the screen of my tablet - teasing me with feigned snootiness.,['a1_past_simple_reg']
The idea that a person could see and predict the future was nothing short of amazing to my young mind.,"['a2_could', 'a1_to_be_past_was_were']"
"He grabbed his bag off the kitchen counter, threaded his hands through his jacket.",['a1_past_simple_reg']
Maybe someone can point out that I just didn't look at the right studies.,"['a1_can', 'a1_past_simple_reg']"
"In fact, some years ago, Bill Joy wrote an article expressing tremendous concern about robots taking us over, etc.",['a1_past_simple_irreg']
Chris asked me to tell again how we found the structure of DNA.,"['a1_past_simple_reg', 'a1_past_simple_irreg']"
"If I owned the Internet, Napster, Monster and Friendster.com would be one big website.",['a1_past_simple_reg']
"We leveraged that $10,000 seed grant more than 300 times, into a $3 million park.",['a1_past_simple_reg']
While saying that it was the worst Olympic conditions I have raced in she felt it was right to race on.,"['a1_to_be_past_was_were', 'a2_present_perfect', 'a1_past_simple_irreg']"
"If the hardcore fans want Southgate to take charge permanently, this was not an occasion when it became evident.","['a1_present_simple_reg_act', 'a2_to_non_finite_forms', 'a1_to_be_past_was_were', 'a1_past_simple_irreg']"
"James Solano, Buddy Ryan's agent, said he died in Kentucky but did not give a cause.","['a2_say_reported_verb', 'a1_past_simple_reg', 'a1_past_simple_irreg']"
"Angsty teenage asshole son meets wonderful girl who turns him into a human being, making us fall in love with her.",['a1_present_simple_3d_pers']
"Like right there.from her car, it was up and to the left slightly.",['a1_to_be_past_was_were']
I forget to check this account most of the time and rarely see this stuff until weeks later.,['a1_present_simple_reg_act']
She's doing her business and starts barking up at someone's house.,"['a1_present_continuous_act_rn', 'a1_present_simple_3d_pers', 'a2_ing_non_finite_forms', 'a1_possesive_s_sing']"
"He sat up and felt around, his eyes not used to the gloom.",['a1_past_simple_irreg']
"At the foot of the first set of stairs, they spotted Mrs. Norris skulking near the top.",['a1_past_simple_reg']
"He rolled over and fell asleep again, and when he woke next day, he didn't remember the dream at all.","['a1_past_simple_reg', 'a1_past_simple_irreg']"
"You know, I think its weirdly, in a backwards way, a blessing, I countered.","['a1_past_simple_reg', 'a1_present_simple_reg_act']"
We live with the rest of the world until we can't take it any longer.,"['a1_can', 'a1_present_simple_reg_act', 'a2_zero_non_finite_forms']"
"You can get everyone's ticket, Mr. Moneybags, Buford offers, but Bob politely declines.","['a1_can', 'a1_possesive_s_sing', 'a1_present_simple_3d_pers']"
He had always dreamed that someday somewhere his images might give someone pleasure.,['a2_past_perfect_basic']
"The point is, of course, if you want to know about malaria, you ask a malaria expert.","['a2_zero_conditional_if_m', 'a2_to_non_finite_forms', 'a1_present_simple_reg_act', 'a1_to_be_present_is_am_are']"
"So that's the first cracking of the genetic code, and it was all over by 1966.","['a1_to_be_present_is_am_are', 'a1_to_be_past_was_were']"
"Then, while jogging with my dog one morning, she pulled me into what I thought was just another illegal dump.","['a2_ing_non_finite_forms', 'a1_past_simple_reg', 'a1_past_simple_irreg']"
"As you can see, I can use the same two-fingered gestures to go down and go in really seamlessly.","['a1_can', 'a2_to_non_finite_forms']"
This article was amended on 19 September 2016 to clarify details relating to public funding of the Garden bridge.,"['a2_passive_past_simple', 'a2_to_non_finite_forms']"
"A Planned Parenthood clinic in Columbia, Missouri, is licensed to offer abortions.","['a2_passive_present_simple', 'a2_to_non_finite_forms']"
"But if you have smart friends, chances are they will send you to smart things.","['a2_first_conditional_if_m', 'a1_future_simple', 'a1_to_be_present_is_am_are', 'a1_present_simple_reg_act']"
Apparently I haven't been at it long enough to stop caring.,"['a2_to_non_finite_forms', 'a2_present_perfect']"
"It does, it happens all the time at empire state building.",['a1_present_simple_3d_pers']
After what I think were the first 15 days I realized this was not possible.,"['a1_present_simple_reg_act', 'a1_to_be_past_was_were', 'a1_past_simple_reg']"
"They're not twins, but my dad and uncle look similar and have a very similar sounding voice.","['a1_to_be_present_is_am_are', 'a1_present_simple_reg_act']"
"Ron moaned, as they pushed helplessly at the door, We're done for!","['a1_past_simple_reg', 'a2_present_perfect']"
"I've got about five hundred, but I haven't got Agrippa or Ptolemy.",['a1_have_has_got']
You should see the burns Charlie's got off wild ones in Romania.,"['a2_should', 'a1_have_has_got']"
"The todo-list of maintenance is a never-ending story and can be quite overwhelming, especially in the beginning.","['a1_to_be_present_is_am_are', 'a1_can']"
"Whether it's a quick phone call, family dinner, or some other occasion, make room for those conversations.","['a1_to_be_present_is_am_are', 'a2_imperatives']"
You don't need a fancy suit or an expensive dress to look nice.,"['a1_present_simple_reg_act', 'a2_to_non_finite_forms']"
"Alison asked, leaning down to look through the passenger side window from her seat behind the wheel.",['a1_past_simple_reg']
"And I say, Great, let's make that language Yoruba.","['a2_say_reported_verb', 'a2_imperatives']"
"So I presented those results at the International Science Fair, which was just one of the most amazing experiences of my life.","['a1_past_simple_reg', 'a1_to_be_past_was_were', 'a2_relative_clause_who_which_that']"
"Four years later, Barack Obama didn't bury John McCain until the financial collapse that followed both conventions.",['a1_past_simple_reg']
Climate change is set to alter American forests as much as the arrival of white settlers did.,"['a2_passive_present_simple', 'a1_past_simple_irreg', 'a1_be_have_do_in_the_past']"
"Suddenly, Parker's past troubles threaten to tarnish his passion project.","['a1_possesive_s_sing', 'a2_to_non_finite_forms', 'a1_present_simple_reg_act']"
"Do you like the amount of parodies that are being produced, or do you wish people would stop?","['a2_passive_present_cont', 'a1_present_simple_reg_act']"
Do I ruin this girl's marriage because I suddenly have a feeling?,"['a1_possesive_s_sing', 'a1_present_simple_reg_act']"
Not to mention how grotesque it is to apply the word porn to some of these images.,"['a1_to_be_present_is_am_are', 'a2_to_non_finite_forms']"
Our spacesuit design is finally coming together and will also be unveiled later this year.,"['a1_present_continuous_act_rn', 'a2_passive_will']"
"On the other hand, he'd gotten into terrible trouble for being found on the roof of the school kitchens.","['a2_ing_non_finite_forms', 'a2_past_perfect_basic']"
The smallest bottle will get us through the black fire - toward the Stone.,"['a1_future_simple', 'a1_superlative_short']"
"Wheeling around, they sprinted back to the door and turned the key, fumbling in their panic.",['a1_past_simple_reg']
I suppose you added the porcupine quills before taking the cauldron off the fire?,"['a1_present_simple_reg_act', 'a1_past_simple_reg', 'a2_ing_non_finite_forms']"
Picking up her pace she arrived at the chair with a laugh.,"['a2_ing_non_finite_forms', 'a1_past_simple_reg']"
Time blocking is the practice of scheduling periods throughout your day to finish different tasks.,"['a1_to_be_present_is_am_are', 'a2_ing_non_finite_forms', 'a2_to_non_finite_forms']"
"My grandmother, who would be considered archaic even in the 1800's, nearly had a heart attack seeing him this way.","['a1_be_have_do_in_the_past', 'a2_ing_non_finite_forms']"
"One from Savas Coskun and the other from Sabeena Din, who moved, respectively, from Turkey and Pakistan to Denmark.",['a1_past_simple_reg']
"But other treatments such as acupuncture and massage, and even just relaxation, clearly have some kind of benefit.",['a1_present_simple_reg_act']
Von Braun was on there showing how to go to Mars - and this was before Sputnik.,['a1_to_be_past_was_were']
It's the one that takes me around the world right now interacting with foreign militaries quite a bit.,"['a1_to_be_present_is_am_are', 'a1_present_simple_3d_pers']"
Some abortion restrictions have already been toppled by Monday's ruling - no legislation required.,"['a2_present_perfect', 'a1_possesive_s_sing', 'a2_passive_present_simple']"
"London mayor Sadiq Khan halted some of the existing spending on the project, ahead of a review.",['a1_past_simple_reg']
She feels people have finally had enough of the current government's lack of transparency.,"['a1_present_simple_reg_act', 'a2_present_perfect']"
"But by the time I came back to get their food orders, one had left and the other was crying.","['a1_past_simple_irreg', 'a2_to_non_finite_forms', 'a1_be_have_do_in_the_past', 'a2_past_continuous', 'a2_past_perfect_basic', 'a2_narrative_tenses']"
"Hair loss, worse health, the shit just started piling up.","['a1_past_simple_reg', 'a2_ing_non_finite_forms']"
"She took a long drink from the round bottle at the end, and shuddered.","['a1_past_simple_irreg', 'a1_past_simple_reg']"
"Now, there's another player on each side who's called the Keeper - I'm Keeper for Gryffindor.","['a1_there_is_am_are', 'a2_passive_present_simple', 'a1_to_be_present_is_am_are']"
"Caput Draconis, said Percy, and the portrait swung forward to reveal a round hole in the wall.","['a2_say_reported_verb', 'a1_past_simple_irreg', 'a2_to_non_finite_forms']"
"As he looked at Dudley in his new knickerbockers, Uncle Vernon said gruffly that it was the proudest moment of his life.","['a1_past_simple_reg', 'a2_say_reported_verb', 'a1_past_simple_irreg', 'a1_to_be_past_was_were']"
"Maybe set Twitter check-ins for the morning, mid-day and evening.",['a2_imperatives']
Because good adventures are not the only ones that amount to something.,['a1_to_be_present_is_am_are']
Meditation is a practice at doing this and Buddhism is itself far more of a training regimen than a conventional religion.,"['a1_to_be_present_is_am_are', 'a2_ing_non_finite_forms']"
"So, you know, even sex is on a stopwatch these days.","['a1_present_simple_reg_act', 'a1_to_be_present_is_am_are']"
"And this particular manufacturer said, We're not interested in that.","['a2_say_reported_verb', 'a1_to_be_present_is_am_are', 'a2_adjectives_ed']"
They eat better; they make love better; they exercise better; they work better; they live better.,"['a1_present_simple_reg_act', 'a1_comparative_exept']"
"That's essentially a gender; that's essentially the resource of the planet, which is women.","['a1_to_be_present_is_am_are', 'a2_relative_clause_who_which_that']"
"He has squandered his pick and his convention, and several battleground states along with them.",['a2_present_perfect']
It's assumed it is related to multiple concussions that happened years before.,"['a2_passive_present_simple', 'a1_past_simple_reg']"
"The Eagles' defense scored three touchdowns in a win and knocked nine Redskins out of the game, including two quarterbacks.","['a1_possessive_s_plurar', 'a1_past_simple_reg']"
You listen as your schoolmates grow ever more frustrated about the other student.,"['a1_present_simple_reg_act', 'a2_zero_non_finite_forms', 'a2_adjectives_ed', 'a1_comparative_long']"
"Context, the guy that got knocked out was drunk as fuck and starting fights with people.","['a1_past_simple_irreg', 'a1_to_be_past_was_were', 'a2_past_continuous']"
I've always had the impression that pop music isn't typically what Berklee students are interested in producing.,"['a2_present_perfect', 'a1_to_be_present_is_am_are', 'a2_adjectives_ed']"
"Yet there were a million other things he did reliably, faithfully, and lovingly to make her feel cared for and valued.","['a1_be_have_do_in_the_past', 'a2_to_non_finite_forms', 'a2_zero_non_finite_forms', 'a1_past_simple_irreg', 'a1_there_was_were']"
He was usually the one who held people's arms behind their backs while Dudley hit them.,"['a1_to_be_past_was_were', 'a1_possessive_s_plurar', 'a1_past_simple_irreg', 'a2_relative_clause_who_which_that']"
"Sorry, he said, but have you seen a toad at all?","['a2_say_reported_verb', 'a2_present_perfect']"
"I'm sorry about your Jesus, I whisper and wave my hands wildly like a rejected Rockette doing a vaudevillian routine.","['a1_present_simple_reg_act', 'a1_to_be_present_is_am_are']"
"It was war-ter not waw-dah, and it was going and not goin'.","['a1_to_be_past_was_were', 'a2_past_continuous']"
That win-streak ended on January 6 when rioters stormed the capital.,['a1_past_simple_reg']
"I mean, I really can't believe how lucky I am here, standing in front of you, speaking.","['a1_can', 'a1_to_be_present_is_am_are', 'a1_present_simple_reg_act']"
The families - the victims of the families - were going to this pier that was incredibly dehumanizing.,"['a2_past_continuous', 'a1_to_be_past_was_were']"
"But I just found out the world ain't going to last that long, this guy was telling us the other day.","['a1_past_simple_irreg', 'a2_past_continuous']"
"We all know of them, but nevertheless - the Arabs say, The dogs may bark, but the caravan moves on.","['a2_say_reported_verb', 'a1_present_simple_3d_pers']"
"Speaking on the campaign trail, the Republican nominee revived jibes that Clinton is a corrupt and habitual liar.","['a1_past_simple_reg', 'a1_to_be_present_is_am_are']"
"And as we know, Donald Trump has not been having been the best luck in federal court recently.","['a1_present_simple_reg_act', 'a2_present_perfect']"
The visual connection with the Kennedys draws the eye to the obvious difference: their skin colour.,['a1_present_simple_3d_pers']
"I'm also from the UK - where Indians are Asian, Pakistanis are Asian, Bangladeshis are Asian and Koreans are Chinese.",['a1_to_be_present_is_am_are']
"I feel it in the water, I feel it in the earth.",['a1_present_simple_reg_act']
The increase is still greater than the increase in cost of living between these countries.,"['a1_to_be_present_is_am_are', 'a1_comparative_short']"
It seemed to be coming from a large metal tub in the sink.,"['a1_past_simple_reg', 'a2_to_non_finite_forms']"
"It does not do to dwell on dreams and forget to live, remember that.","['a1_present_simple_3d_pers', 'a2_to_non_finite_forms', 'a1_present_simple_reg_act']"
A huge banner showing the Slytherin serpent covered the wall behind the High Table.,['a1_past_simple_reg']
"For someone else, it's not something they even thing about.","['a1_to_be_present_is_am_are', 'a1_present_simple_reg_act']"
"All they required from me was my ID - no work contract, no bank statement, nothing.","['a1_past_simple_reg', 'a1_to_be_past_was_were']"
"He admired the anticolonial ideologies of early revolutionary thinkers like Ali Shariati, and their solidarity with oppressed peoples everywhere.",['a1_past_simple_reg']
"It may be nothing at all, but we should do the other tests to be certain.","['a2_should', 'a2_to_non_finite_forms']"
So they're building very large blast furnaces to try to deal with the demand for steel in China.,"['a1_present_continuous_act_rn', 'a2_to_non_finite_forms']"
"It's one of many, many characteristics that women have that they will bring into the job market.","['a1_to_be_present_is_am_are', 'a1_present_simple_reg_act', 'a1_future_simple']"
"And like most committees, they were going to build something pretty safe.",['a2_was_were_going_to']
Some of the fondest memories I have of her are from this time.,"['a1_superlative_short', 'a1_present_simple_reg_act']"
"I mean, we just lost like 30 minutes ago, so I haven't even thought about it, Durant said.","['a1_present_simple_reg_act', 'a1_past_simple_irreg', 'a2_present_perfect', 'a2_say_reported_verb', 'a1_past_simple_reg']"
"The British sculler Alan Campbell, who looked particularly impressive in winning his heat, claimed the conditions reminded him of coastal rowing.","['a2_relative_clause_who_which_that', 'a1_past_simple_reg']"
This one stinks already and it's only the start of August.,"['a1_to_be_present_is_am_are', 'a1_present_simple_3d_pers']"
You know damn well that we don't get the opportunity to be innovative.,"['a1_present_simple_reg_act', 'a2_to_non_finite_forms']"
"We weren't looking for signs of struggling with our third, I guess we had our guard down.","['a2_past_continuous', 'a2_ing_non_finite_forms', 'a1_be_have_do_in_the_past', 'a1_past_simple_irreg']"
"My sister is a prison nurse, I texted her this thread and asked what's her story.","['a1_to_be_present_is_am_are', 'a1_past_simple_reg', 'a2_ask_reported_verb']"
"Well, get a move on, I want you to look after the bacon.","['a2_imperatives', 'a1_present_simple_reg_act', 'a2_to_non_finite_forms']"
"But on the edge of town, drills were driven out of his mind by something else.",['a2_passive_past_simple']
"Hermione was stomping up the stairs, looking disapprovingly at the package in Harry's hand.","['a2_past_continuous', 'a1_possesive_s_sing']"
We're offering a free course to all of our new subscribers as a thank you for your continued support.,['a1_present_continuous_act_rn']
Retweet as a quote is better because a mere retweet is a simple-non-involved push of a button.,['a1_to_be_present_is_am_are']
Bob and I catch up in the way that friends do when they're with someone that is truly one of their tribe.,"['a1_present_simple_reg_act', 'a1_to_be_present_is_am_are']"
"Even my brain rebelled, surreptitiously contriving justification for my lack of motivation.",['a1_past_simple_reg']
"It seems to me with this, that it was the opposite of that.","['a1_present_simple_3d_pers', 'a1_to_be_past_was_were']"
"And the other one was the chance, a priori, that the person had the disease or not.","['a1_to_be_past_was_were', 'a1_be_have_do_in_the_past', 'a1_past_simple_irreg']"
"The same drives that we see towards ubiquity, towards diversity, towards socialization, towards complexity.","['a1_present_simple_3d_pers', 'a1_present_simple_reg_act']"
"We've got two million total articles across many, many different languages.",['a1_have_has_got']
"He was better than me, and we've always kept playing together.","['a1_to_be_past_was_were', 'a2_present_perfect', 'a2_ing_non_finite_forms']"
"Ian had met his first wife, Jean Forsyth, while they were both students at Aberdeen.","['a2_past_perfect_basic', 'a1_to_be_past_was_were']"
"Motherland aligns our notions of idealised parenthood with wealth, revealing the heinous classism innate to it.",['a1_present_simple_3d_pers']
Losing control of the module is more of an embarrassment to the Chinese space agency than a blow to their space programme.,['a1_to_be_present_is_am_are']
I have no idea how long I'm going to be here.,"['a1_present_simple_reg_act', 'a2_is_am_are_going_to']"
"That was 4 years ago, and he's shown up everyday since.","['a1_to_be_past_was_were', 'a2_present_perfect']"
They cleaned the left ear again too but the wax was much more broken up due to the drops.,"['a1_past_simple_reg', 'a2_passive_past_simple']"
My wife had recently lost a good bit of weight and was feeling rather proud of herself.,"['a2_past_perfect_basic', 'a2_past_continuous']"
"Nothing - just black - there's no way of climbing down, we'll just have to drop.","['a1_there_is_am_are', 'a1_future_simple', 'a2_will_have_to']"
"As they climbed carefully around her, Mrs. Norris turned her lamplike eyes on them, but didn't do anything.","['a1_past_simple_reg', 'a1_be_have_do_in_the_past', 'a1_past_simple_irreg']"
But I suppose they snapped it in half when you got expelled?,"['a1_present_simple_reg_act', 'a1_past_simple_reg', 'a2_relative_clause_others']"
Time blocking can be wise if you use it appropriately and if you ease into it.,"['a1_can', 'a2_passive_modal_verbs', 'a2_zero_conditional_m_if', 'a1_present_simple_reg_act']"
"That she had turned a corner, moved forward just a little bit.",['a2_past_perfect_basic']
"Everywhere you look, children's environment in Denmark is given a lot of thought.","['a1_present_simple_reg_act', 'a1_possesive_s_sing', 'a2_passive_present_simple']"
"I choke on my coffee, not aware Garland has hookers and equally surprised to hear Archie is aware of such things.","['a1_present_simple_reg_act', 'a1_present_simple_3d_pers', 'a2_adjectives_ed', 'a2_to_non_finite_forms', 'a1_to_be_present_is_am_are']"
But I was looking at this intense emotion and intense feeling that had come out of people just seeing these photographs.,"['a2_past_continuous', 'a2_past_perfect_basic', 'a2_ing_non_finite_forms']"
"Originally, you had the most complex societies, the hunter-gatherer village.",['a1_past_simple_reg']
"After these genomes are synthesized, the first step is just transplanting them into a cell without a genome.",['a1_to_be_present_is_am_are']
"And with that, I think I should give up the stage, so, thank you so much.","['a2_should', 'a1_present_simple_reg_act', 'a2_zero_non_finite_forms']"
The overwhelming majority of the earlier contact group wanted to close domestic ivory markets.,"['a1_past_simple_reg', 'a2_to_non_finite_forms']"
"The chances of a specific individual being struck by falling debris is trillions to one, making death by lightning far more likely.","['a2_ing_non_finite_forms', 'a1_to_be_present_is_am_are']"
We are going to look back at this time and actually think it was a calm period.,"['a2_is_am_are_going_to', 'a1_to_be_past_was_were', 'a1_present_simple_reg_act']"
"And some restrictions on trade, but no sweeping reversal of the consensus that has existed since the second world war.",['a2_present_perfect']
Actually this is an obvious question but it's not what you might think.,['a1_to_be_present_is_am_are']
"So she is thinking about being quasi-forcibly penetrated with this man's impossibly generous and perfectly complected cock, your mom.","['a1_present_continuous_act_rn', 'a2_ing_non_finite_forms']"
As promised What's the recipe for the White House's beer?,"['a1_to_be_present_is_am_are', 'a1_possesive_s_sing', 'a1_special_questions']"
"I'm going to see what section he was in, said Ron, who'd had enough of working.","['a2_is_am_are_going_to', 'a1_to_be_past_was_were', 'a2_say_reported_verb', 'a1_past_simple_irreg', 'a2_past_perfect_basic']"
At the top of the hall was another long table where the teachers were sitting.,"['a1_to_be_past_was_were', 'a2_past_continuous']"
"The envelope was thick and heavy, made of yellowish parchment, and the address was written in emerald- green ink.","['a1_to_be_past_was_were', 'a2_passive_past_simple']"
"By time blocking your day, you can actually give yourself time during the day to indulge in those distractions.",['a1_can']
"The final cycles of sleep, especially if we get a full night of sleep, are dominated by REM sleep.","['a2_passive_present_simple', 'a1_present_simple_reg_act']"
That is why it's hard to spend energy when it's not a question of survival.,"['a1_to_be_present_is_am_are', 'a2_to_non_finite_forms']"
"But it would be the day that the world comes together through film, the power of film.",['a1_present_simple_reg_act']
"And we have really nice T-shirts that say, you know, I heart my genitalium.",['a1_present_simple_reg_act']
"So, with shooting at you, what are the death rates?","['a1_special_questions', 'a1_to_be_present_is_am_are']"
"Put that another way - of all of them who test positive - so here they are,","['a2_relative_clause_others', 'a1_to_be_present_is_am_are']"
"This fear prevents sausages and buns from getting intimate, despite their urges to conjoin.","['a1_present_simple_3d_pers', 'a2_ing_non_finite_forms', 'a2_to_non_finite_forms']"
"Indeed, No Balls has little affinity with great political art, past or present.",['a1_present_simple_3d_pers']
How the spacecraft tumbles through the atmosphere has an influence on how it breaks up.,['a1_present_simple_3d_pers']
"Every April 1st, as a joke, I tell her the same thing.",['a1_present_simple_reg_act']
"Few employers will hire a woman who's been on welfare for 12 years, with a heart condition.","['a1_future_simple', 'a2_present_perfect']"
"Old, single men who dined with us every single day, day in and day out.","['a2_relative_clause_who_which_that', 'a1_past_simple_reg']"
They're saying all down the train that Harry Potter's in this compartment.,"['a1_to_be_present_is_am_are', 'a1_present_continuous_act_rn', 'a1_present_simple_reg_act']"
"The Bludgers rocket around, trying to knock players off their brooms.",['a1_present_simple_reg_act']
Harry and the Weasleys spent a happy afternoon having a furious snowball fight on the grounds.,['a1_past_simple_irreg']
They can meet you there and take him away while it's still dark.,"['a1_can', 'a1_to_be_present_is_am_are']"
A heart rate of 60 bpm does not mean there is a beat exactly once every second.,"['a1_present_simple_3d_pers', 'a1_there_is_am_are']"
"Suddenly, the cube shot out a strong light that blinded me and knocked me on my ass.","['a1_past_simple_irreg', 'a1_past_simple_reg']"
My worrying was as much about my reputation as it was about the project.,"['a1_to_be_past_was_were', '_a2_much_many_a_lot']"
Perhaps the deadliest enemy to our path to greatness can be our obsessive desire for the destination itself.,"['a1_superlative_short', 'a1_can']"
And I always felt that he should come to Southern California and do a building.,"['a1_past_simple_irreg', 'a2_should', 'a2_zero_non_finite_forms']"
"Rosalind Franklin was leaving in about two months, and after she left he would start building models.","['a2_past_continuous', 'a1_past_simple_irreg', 'a2_narrative_tenses']"
The last thing we did is we became what I call reverse tithers.,"['a1_be_have_do_in_the_past', 'a1_past_simple_irreg', 'a1_present_simple_reg_act']"
"On this side, you've got a number - the average number of tosses until head-tail-head.",['a1_have_has_got']
"But having three family members involved in three different political parties, he's always been very interested in Icelandic politics.","['a2_ing_non_finite_forms', 'a2_present_perfect', 'a2_adjectives_ed']"
These threats are the latest in a pile of identified calamities to befall national parks and monuments due to climate change.,"['a1_to_be_present_is_am_are', 'a2_to_non_finite_forms']"
"Some of the laws have been on the books for many years, meaning the only abortion clinics left are in compliance.","['a2_present_perfect', '_a2_much_many_a_lot', 'a1_to_be_present_is_am_are']"
I view this as a public health crisis and one that we should act on.,"['a1_present_simple_reg_act', 'a2_should', 'a2_zero_non_finite_forms']"
It was all I could do to not stop and laugh out loud.,"['a1_to_be_past_was_were', 'a2_could']"
"You're just bluffing, she says, but I can hear she's uncertain.","['a1_present_continuous_act_rn', 'a1_present_simple_3d_pers', 'a2_say_reported_verb', 'a1_can', 'a1_to_be_present_is_am_are']"
"They are all so noble, each with its own special characteristics.",['a1_to_be_present_is_am_are']
Could Snape possibly know they'd found out about the Sorcerer's Stone?,"['a2_could', 'a2_past_perfect_basic', 'a1_possesive_s_sing']"
"Yes, don't stop now, said Ron, it's doing us so much good.","['a2_say_reported_verb', 'a1_past_simple_reg', 'a2_imperatives', 'a1_present_continuous_act_rn']"
"Harry suddenly realized that the tape measure, which was measuring between his nostrils, was doing this on its own.","['a1_past_simple_reg', 'a2_relative_clause_who_which_that', 'a2_past_continuous']"
"The stands erupted; it had to be a record, no one could ever remember the Snitch being caught so quickly.","['a2_had_to', 'a2_could', 'a2_ing_non_finite_forms', 'a1_past_simple_reg']"
"I glance back and Evelyn winks again - once, then twice.","['a1_present_simple_reg_act', 'a1_present_simple_3d_pers']"
The ISRO chairperson stood at a podium in front of a room full of reporters.,['a1_past_simple_irreg']
"And my contention is, all kids have tremendous talents, and we squander them, pretty ruthlessly.","['a1_to_be_present_is_am_are', 'a1_present_simple_reg_act']"
"But you will never, ever say to someone who asks you what you want that I want a milky, weak coffee.","['a1_future_simple', 'a2_relative_clause_who_which_that', 'a1_present_simple_3d_pers', 'a1_present_simple_reg_act']"
"So they just have these bench seats, and they strap the car seat and the seatbelt onto it.",['a1_present_simple_reg_act']
This pro-aging trance is what stops us from agitating about these things.,"['a1_to_be_present_is_am_are', 'a1_present_simple_3d_pers']"
"But at a recent press conference, the Chinese space agency admitted it had lost contact with the station.","['a1_past_simple_reg', 'a2_past_perfect_basic']"
"After her death, my grandmother's finances, assets and properties were entrusted to my mother.","['a1_possesive_s_sing', 'a2_passive_past_simple']"
"Donald Trump, a man who is happy to admit he doesn't read, may become our .","['a1_to_be_present_is_am_are', 'a2_to_non_finite_forms', 'a1_present_simple_reg_act']"
I did not know that men cannot always fully control the stream when they pee.,"['a1_past_simple_irreg', 'a1_can', 'a1_present_simple_reg_act']"
I don't need to continue to hear beeps that the timer is done.,"['a1_present_simple_reg_act', 'a2_to_non_finite_forms', 'a2_passive_present_perf']"
I ended up asking my ex about an hour after she settled into her new bed in the hospital.,['a1_past_simple_reg']
"After many months, while searching the ocean below, he found a sunken pillar.",['a1_past_simple_irreg']
"But if we get caught, you two will be expelled, too.","['a2_first_conditional_if_m', 'a2_passive_will']"
"Every year, Harry was left behind with Mrs. Figg, a mad old lady who lived two streets away.","['a1_to_be_past_was_were', 'a2_relative_clause_who_which_that', 'a1_past_simple_reg']"
"Then he ran, before Dudley could work out what he'd said.","['a1_past_simple_irreg', 'a2_could', 'a2_past_perfect_basic', 'a2_narrative_tenses']"
"He'd be able to read as long as he liked, as long as it took to find out who Flamel was.","['a1_past_simple_reg', 'a1_past_simple_irreg', 'a2_relative_clause_who_which_that', 'a1_to_be_past_was_were']"
A simple way to find the balance is to try to sublimate envy into inspiration.,"['a2_to_non_finite_forms', 'a1_to_be_present_is_am_are']"
What set me out on this journey was the fear of the repeating circle of my everyday life.,"['a1_to_be_past_was_were', 'a1_past_simple_irreg']"
"We have examples of perfect shoved into our faces when in our journey, we are mediocre at best.","['a1_present_simple_reg_act', 'a1_to_be_present_is_am_are']"
I'll just keep an eye on her while she and Magda play hopscotch.,"['a1_future_simple', 'a1_present_simple_reg_act']"
"But it could've been anywhere in the city, because more than half the city of Nairobi lives like this.","['a2_could', 'a1_comparative_exept', 'a1_present_simple_3d_pers']"
"If it happens, how bad do you think it will be?","['a1_present_simple_reg_act', 'a1_special_questions', 'a1_future_simple']"
"And it was defended, believe it or not, by the librarians.",['a2_passive_past_simple']
"If that's what you're looking for in this election, then you're in luck.","['a1_to_be_present_is_am_are', 'a1_present_continuous_act_rn', 'a2_zero_conditional_if_m']"
"It's hard to predict exactly what will happen but some systems have been pushed over the threshold, certainly, said Schuurman.","['a1_to_be_present_is_am_are', 'a2_to_non_finite_forms', 'a1_future_simple', 'a2_passive_present_perf', 'a2_say_reported_verb', 'a1_past_simple_irreg']"
I was also turned off by the school's decision to grant the slaves' descendants legacy access without any guaranteed financial support.,"['a2_passive_past_simple', 'a1_possesive_s_sing', 'a2_to_non_finite_forms', 'a1_possessive_s_plurar']"
I remember there was something about not being allowed to use the letter 'E'.,"['a1_present_simple_reg_act', 'a1_there_was_were', 'a2_to_non_finite_forms', 'a2_ing_non_finite_forms']"
Could you not take the tow company to small claims court to get your towing fees back?,"['a2_could', 'a2_to_non_finite_forms']"
"In their heads they're being sneaky, but thousands of people are following along at home.",['a1_present_continuous_act_rn']
Plan of the century here folks: Hit him until he goes down.,"['a2_imperatives', 'a1_present_simple_reg_act']"
How many people wander around with dragon eggs if it's against wizard law?,"['a1_special_questions', 'a1_present_simple_reg_act', 'a2_zero_conditional_m_if', 'a1_to_be_present_is_am_are']"
"I want to go to the feast, he told Madam Pomfrey as she straightened his many candy boxes.","['a1_present_simple_reg_act', 'a2_to_non_finite_forms', 'a1_past_simple_irreg', 'a1_past_simple_reg']"
Do I love anything as much as those children loved playing with that puppy on the side of the highway?I pass Indianapolis.,"['a1_present_simple_reg_act', 'a2_ing_non_finite_forms', '_a2_much_many_a_lot']"
"It started off jubilant but, at some point a few years in, I found myself struggling to maintain my joy.","['a1_past_simple_reg', 'a1_past_simple_irreg', 'a2_to_non_finite_forms']"
"In the cold winter months, the mountain snow may travel to the seaside towns as it had recently.","['a1_past_simple_irreg', 'a1_be_have_do_in_the_past']"
He was lucky to still be able to use mobile data to read the news.,"['a1_to_be_past_was_were', 'a2_to_non_finite_forms']"
"Give me a design challenge, sustainability speed bump, that's keeping you from being sustainable.","['a2_imperatives', 'a1_present_continuous_act_rn', 'a2_ing_non_finite_forms']"
"In 2004, there were only two flights: two Russian Soyuz flights to the international manned station.",['a1_there_was_were']
"Wilkins and this collaborator, or possible collaborator, Rosalind Franklin, came up and sort of laughed at our model.","['a1_past_simple_irreg', 'a1_past_simple_reg']"
"Not that he didn't want to talk, that was just his style.","['a1_past_simple_reg', 'a1_to_be_past_was_were']"
The planners should sit down and realise they're not doing this for themselves they're doing it for the nation.,"['a2_should', 'a1_present_continuous_act_rn']"
When he got sick we didn't talk about it any more.,"['a1_past_simple_irreg', 'a1_past_simple_reg']"
They offer financing at rates that would make a loan shark uneasy.,['a1_present_simple_reg_act']
"I see no real practical use for it, but it's fuckin genius.","['a1_present_simple_reg_act', 'a1_to_be_present_is_am_are']"
"She would text me to tell me she was going out with ex boyfriends for drinks, but not to worry about it.","['a2_to_non_finite_forms', 'a2_past_continuous']"
"You try to pretend like you didn't feel it, but you still turn the faucet up to stay warm.","['a1_present_simple_reg_act', 'a2_to_non_finite_forms', 'a1_past_simple_irreg']"
"Vault seven hundred and thirteen now, please, and can we go more slowly?","['a1_can', 'a1_comparative_exept']"
"Keep your brooms steady, rise a few feet, and then come straight back down by leaning forward slightly.",['a2_imperatives']
"Harry gripped the edges of the stool and thought, Not Slytherin, not Slytherin.",['a1_past_simple_reg']
"He found a pair under his bed and, after pulling a spider off one of them, put them on.",['a1_past_simple_irreg']
"No, my phone died a little while ago , he replied.","['a1_past_simple_irreg', 'a1_past_simple_reg']"
"It was always the case that migration brought the risk of disease, war, and death.","['a1_to_be_past_was_were', 'a1_past_simple_irreg']"
Moving to a new country is something you should at least once in your lifetime.,"['a2_ing_non_finite_forms', 'a1_to_be_present_is_am_are', 'a2_should']"
"It was perhaps eight feet tall, 40 feet long, and 10 feet wide.",['a1_to_be_past_was_were']
"They have a sense of humor, and these are the kind of things which traditionally have been thought of as human prerogatives.","['a1_present_simple_reg_act', 'a1_there_is_am_are', 'a2_relative_clause_who_which_that', 'a2_passive_present_perf']"
"We had some theories related to cash flow, and lack of access to capital markets, and things like that.","['a1_past_simple_irreg', 'a1_be_have_do_in_the_past', 'a2_to_non_finite_forms']"
"The whole thing is so tasty, you may just want seconds.","['a1_to_be_present_is_am_are', 'a2_zero_non_finite_forms']"
"And given Bill Clinton's record, that implies a more centrist approach and an ability to strike big deals with congressional Republicans.","['a1_possesive_s_sing', 'a1_comparative_long', 'a1_present_simple_3d_pers']"
"I still haven't had an appointment, which means I haven't had any medical intervention in three years.","['a2_present_perfect', 'a2_relative_clause_who_which_that', 'a1_present_simple_3d_pers']"
"And yes, we kept on asking questions until he was finished the first banana just to see what he would do next.","['a1_past_simple_irreg', 'a2_passive_past_simple', 'a2_to_non_finite_forms']"
I mentioned how I was quarterback in High School and saw his eyes light up.,"['a1_past_simple_reg', 'a1_to_be_past_was_were', 'a1_past_simple_irreg']"
"Imagine putting three kids in a second-floor room, windows nailed shut, with the outside temperature 100 degrees Fahrenheit.","['a2_ing_non_finite_forms', 'a2_imperatives']"
Ten years on she murders him for leaving the toilet seat up.,"['a2_ing_non_finite_forms', 'a1_present_simple_3d_pers']"
Harry and Ron were followed into their boat by Neville and Hermione.,['a2_passive_past_simple']
Hermione didn't turn up for the next class and wasn't seen all afternoon.,"['a1_past_simple_reg', 'a2_passive_past_simple']"
"Thanks, said Harry, I'll need something to look forward to.","['a2_say_reported_verb', 'a1_past_simple_irreg', 'a1_future_simple', 'a2_to_non_finite_forms']"
It's responsible for pumping blood around our body and supplying it with oxygen and other important nutrients.,"['a1_to_be_present_is_am_are', 'a2_ing_non_finite_forms']"
"It's just fermented, and a little fermentation is good for your stomach.","['a2_passive_present_simple', 'a1_to_be_present_is_am_are']"
You've got countries that build their food around a certain flavor or taste.,"['a1_have_has_got', 'a2_relative_clause_who_which_that', 'a1_present_simple_reg_act']"
"So, that's sort of to put it in perspective here.","['a1_to_be_present_is_am_are', 'a2_to_non_finite_forms']"
"In that one, there were 400 people that worked on the floor.","['a1_to_be_past_was_were', 'a1_past_simple_reg']"
"These people are reaching thousands, if not millions, of readers, and that's incredibly important.","['a1_present_continuous_act_rn', 'a1_to_be_present_is_am_are']"
"In fact, Solzhenitsyn once said, To have a great writer is to have another government.","['a2_say_reported_verb', 'a1_past_simple_irreg', 'a2_to_non_finite_forms', 'a1_to_be_present_is_am_are']"
"The Australian Kim Brennan, a competitor in single sculls, was a particularly vociferous critic, insisting the course was not rowable .",['a1_to_be_past_was_were']
The FBI has a solemn obligation to remain neutral in political matters.,"['a1_present_simple_3d_pers', 'a2_to_non_finite_forms']"
"And the next day, as it turned out, I was given no choice.","['a2_passive_past_simple', 'a1_past_simple_reg']"
"I take time to veg out, daydream, and cuddle my wife and kid.","['a1_present_simple_reg_act', 'a2_to_non_finite_forms']"
"To add to this, people on TV or in movies barely glance at the road while they have a conversation and drive.","['a2_to_non_finite_forms', 'a1_present_simple_reg_act']"
"Hermione, however, stood alone by the door, waiting for them.","['a1_past_simple_irreg', 'a2_ing_non_finite_forms']"
"They landed quickly, and Harry ran to the door, the key struggling in his hand.","['a1_past_simple_reg', 'a1_past_simple_irreg']"
"Hermione, however, had more on her mind than the Sorcerer's Stone.","['a1_past_simple_irreg', 'a1_possesive_s_sing', 'a1_comparative_exept']"
She turned to look him squarely in the eyes for an answer.,"['a1_past_simple_reg', 'a2_to_non_finite_forms']"
"Sluggish, almost imperceptibly heavier in some way, like he was holding a pair of dumbbells.","['a1_present_continuous_act_rn', 'a1_comparative_short']"
"Wingspan became one of the 20th best-ranked games on BoardGameGeek's list of 18,000 games.",['a1_past_simple_irreg']
And she said things that really shocked me about her vagina - that it was dried-up and finished and dead -,"['a2_say_reported_verb', 'a1_past_simple_irreg', 'a1_past_simple_reg', 'a2_passive_past_simple']"
It's almost as if we're getting back to this starting point.,"['a1_to_be_present_is_am_are', 'a1_present_continuous_act_rn']"
"That's why there's lots and lots of kinds of hot sauces, and not so many kinds of mustard.","['a1_to_be_present_is_am_are', 'a1_there_is_am_are', '_a2_much_many_a_lot']"
He is the only model for black community; I don't care Jesse Jackson.,"['a1_to_be_present_is_am_are', 'a1_present_simple_reg_act']"
They do things like make big shots and do some of those things.,['a1_present_simple_reg_act']
Trump said he would continue to pursue his strong interest in philanthropy in other ways.,"['a2_say_reported_verb', 'a1_past_simple_irreg', 'a2_to_non_finite_forms']"
"Parker responded to the development on his Facebook page, saying he was devastated .","['a1_past_simple_reg', 'a2_passive_past_simple']"
"I see some great polls, he told a rally in Virginia on Tuesday.","['a1_present_simple_reg_act', 'a1_past_simple_irreg', 'a2_tell_reported_verb']"
This is literally the juciest secret in this thread for some reason.,['a1_to_be_present_is_am_are']
"Americas presence is bigger than it ever was in the middle east, and Israel still gets funded billions in military aid.","['a1_to_be_present_is_am_are', 'a1_comparative_exept', 'a1_to_be_past_was_were', 'a1_present_simple_3d_pers']"
Much better than pretty much all of the other stories in this thread.,"['_a2_much_many_a_lot', 'a1_comparative_exept']"
"It buzzed around the box for sometime, and then flew away.","['a1_past_simple_reg', 'a1_past_simple_irreg']"
He pulled the cloak over his head and his reflection vanished completely.,['a1_past_simple_reg']
"Look, Snape helped protect the Stone, he's not about ter steal it.","['a1_past_simple_reg', 'a1_to_be_present_is_am_are']"
They sped up a staircase to the third floor and tiptoed toward the trophy room.,"['a1_past_simple_irreg', 'a2_to_non_finite_forms']"
You are most of your time alone working because your colleagues are not there.,"['a1_to_be_present_is_am_are', 'a2_ing_non_finite_forms']"
Anything that is written in your BuJo is something less to keep in mind.,"['a2_passive_present_simple', 'a1_to_be_present_is_am_are', 'a2_to_non_finite_forms', 'a1_comparative_exept']"
"If you're someone who wants to start selling online courses, here is what you need to get started.","['a2_zero_conditional_if_m', 'a1_to_be_present_is_am_are', 'a2_relative_clause_who_which_that', 'a1_present_simple_3d_pers', 'a2_relative_clause_others', 'a1_present_simple_reg_act', 'a2_to_non_finite_forms']"
"Beyond a little bit of alcohol, the next day's readiness score drops considerably.",['a1_to_be_present_is_am_are']
"Indeed, catastrophe could arise simply from technical misadventure - error rather than terror.",['a2_could']
Hard work and persistence -don't give up - and love and compassion leading to respect for all life.,['a2_imperatives']
It's done by men and women who believe a lot in their craft.,"['a2_passive_present_simple', 'a2_relative_clause_who_which_that', 'a1_present_simple_reg_act', '_a2_much_many_a_lot']"
But you need lots of these guys on the ground to win the peace.,"['a1_present_simple_reg_act', 'a2_to_non_finite_forms']"
"You throw in absent fathers, losing family to crime, people with no support all those are ingredients for mental health problems.","['a1_present_simple_reg_act', 'a1_to_be_present_is_am_are']"
"I get to fly a fighter jet, because I'm highly trained, she said.","['a1_present_simple_reg_act', 'a2_to_non_finite_forms', 'a2_passive_present_simple', 'a1_past_simple_irreg', 'a2_say_reported_verb']"
"To be honest, I think I win without unity, he said.","['a2_say_reported_verb', 'a1_present_simple_reg_act', 'a1_past_simple_irreg']"
Make me a fancy psi-blocker helmet and throw bridges at Xavier until he stops trying to kill me.,"['a2_imperatives', 'a1_present_simple_3d_pers', 'a2_ing_non_finite_forms', 'a2_to_non_finite_forms']"
He then presented it to me when I was 24 and pregnant with my first child.,"['a1_past_simple_reg', 'a1_to_be_past_was_were']"
But I can still feel her silk gloves on my cheeks as she did it.,"['a1_can', 'a1_past_simple_irreg', 'a1_be_have_do_in_the_past']"
"The tall, thin, black-haired man standing next to her put his arm around her.",['a1_past_simple_irreg']
"The snake jerked its head toward Uncle Vernon and Dudley, then raised its eyes to the ceiling.",['a1_past_simple_reg']
It was staring down Privet Drive as though it were waiting for something.,['a2_past_continuous']
"This could be a missing limb, recent domestic violence, mental health, stroke, ect.",['a2_could']
This makes HRV a great metric to measure how well-rested and ready for peak performance our body is.,"['a1_present_simple_3d_pers', 'a1_to_be_present_is_am_are', 'a2_to_non_finite_forms']"
"As a rule of thumb, you should always do something to make your customers feel important.","['a2_should', 'a2_to_non_finite_forms', 'a2_zero_non_finite_forms']"
"There were areas for play and relaxation, nooks for reading, and various outdoor spaces for playing and studying.","['a1_there_was_were', 'a2_to_non_finite_forms']"
What's interesting is the metaphor that defines the relationship between the individual and the natural world.,"['a1_to_be_present_is_am_are', 'a1_present_simple_3d_pers']"
"It shows how observation, curiosity and instinct work to create amazing art.","['a1_present_simple_3d_pers', 'a2_to_non_finite_forms']"
"While creation sometimes seems a bit un-graspable, or even pointless, creativity is always meaningful.","['a1_present_simple_3d_pers', 'a1_to_be_present_is_am_are']"
We've solved all the transportation problems that have changed the world to get it to where we are today.,"['a2_present_perfect', 'a2_to_non_finite_forms', 'a1_to_be_present_is_am_are']"
"For the past 35 years, López Rivera has been unable to fly, his wings clipped.","['a2_present_perfect', 'a2_to_non_finite_forms']"
"Second, I believed my alcohol abuse posed a serious threat to it all.",['a1_past_simple_reg']
"We've got to meet our constituents where they are, and they're on Snapchat.","['a2_present_perfect', 'a2_to_non_finite_forms', 'a1_to_be_present_is_am_are']"
"It didn't faze me, since I was about to move to California to chase my own dreams.","['a1_past_simple_reg', 'a2_to_non_finite_forms', 'a1_to_be_past_was_were']"
I was very interested when I saw the windmill could make electricity and pump water.,"['a1_to_be_past_was_were', 'a2_adjectives_ed', 'a1_past_simple_irreg', 'a2_could', 'a2_zero_non_finite_forms']"
"It looked as though Dudley had gotten the new computer he wanted, not to mention the second television and the racing bike.","['a1_past_simple_reg', 'a2_past_perfect_basic', 'a2_to_non_finite_forms']"
"As Mr. Dursley drove around the corner and up the road, he watched the cat in his mirror.","['a1_past_simple_irreg', 'a1_past_simple_reg']"
"Oh, Harry, we were sure you were going to - Dumbledore was so worried -","['a1_to_be_past_was_were', 'a2_was_were_going_to']"
Bob's antiquated flip phone rings and he answers with a Yep.,"['a2_present_perfect', 'a1_present_simple_reg_act']"
Who doesn't want to go online and watch a few funny videos after a day of work?,"['a1_special_questions', 'a1_present_simple_3d_pers']"
"But the important question is: Did you catch any fur shots, Mom?","['a1_to_be_present_is_am_are', 'a1_past_simple_irreg']"
The intercom blared with the number of his flight: Tehran-St.,['a1_past_simple_reg']
These bad viruses really don't have any intention of showing up first in English or Spanish or French.,"['a1_present_simple_reg_act', 'a2_ing_non_finite_forms']"
She said that recycling in Canada had a fantastic entry into our psyche through kids between grade four and six.,"['a2_say_reported_verb', 'a1_past_simple_irreg', 'a2_ing_non_finite_forms', 'a1_be_have_do_in_the_past']"
"And in Africa, cardiovascular disease equals the HIV and AIDS deaths in most countries.",['a1_present_simple_3d_pers']
"Gridlock causes longer travel times, which increases fuel use and emissions.","['a1_present_simple_reg_act', 'a2_relative_clause_who_which_that']"
"When babies are given alternatives to breastmilk, they breastfeed less often, making it harder for mothers to start and continue breastfeeding.","['a2_passive_present_simple', 'a1_present_simple_reg_act', 'a1_comparative_exept', 'a2_ing_non_finite_forms']"
"Of course, these aren't the closing weeks of the 2016 campaign.",['a1_to_be_present_is_am_are']
"Regardless of how you get it, through BMX or hockey, you are at risk for this.","['a1_present_simple_reg_act', 'a1_to_be_present_is_am_are']"
"What if, in my altered state of mind, they were out of focus, or blurry?","['a1_to_be_past_was_were', 'a1_special_questions']"
"He is saying that if you find his pot of gold, he will give you 3 wishes.","['a1_present_continuous_act_rn', 'a2_second_conditional_if_m', 'a1_future_simple', 'a1_present_simple_reg_act']"
Dumbledore 's twinkling eyes flashed in the direction of the Weasley twins.,"['a1_possesive_s_sing', 'a1_past_simple_reg']"
"I'm fine, said Harry, hardly knowing what he was saying.","['a2_say_reported_verb', 'a1_past_simple_irreg', 'a1_to_be_present_is_am_are', 'a1_present_continuous_act_rn']"
"You must be good, Harry, Wood was almost skipping when he told us.","['a2_must', 'a2_past_continuous', 'a2_tell_reported_verb', 'a1_past_simple_irreg']"
Uncle Vernon stopped at last outside a gloomy- looking hotel on the outskirts of a big city.,['a1_past_simple_reg']
"There is no need to take a picture, just pause and admire the work.","['a1_there_is_am_are', 'a2_to_non_finite_forms', 'a2_imperatives']"
The exclusive NTV rights ended in 1997.There is nothing underhanded going on from Nippon's side.,"['a1_past_simple_reg', 'a1_there_is_am_are']"
"Fast-forward to June 2020, he had a $5,000,000+ launch selling the same product.","['a1_past_simple_irreg', 'a1_be_have_do_in_the_past']"
"I'm very partial to Chinese food, which has proven to be my comfort food on more than one occasion.","['a1_to_be_present_is_am_are', 'a2_relative_clause_who_which_that', 'a2_present_perfect', 'a2_to_non_finite_forms']"
"Now you've finished the lens, you literally pop it out.",['a2_present_perfect']
"Well, suffice it to say it's not all like that, but that's part of it.","['a1_to_be_present_is_am_are', 'a2_imperatives']"
"And within a day, we had decided that maybe we could take a shortcut to finding the structure of DNA.","['a2_past_perfect_basic', 'a2_could', 'a2_narrative_tenses']"
"And therefore, we're not going to be able to have many kids, and kids are really important to most people.","['a2_is_am_are_going_to', 'a1_to_be_present_is_am_are', 'a1_superlative_exept']"
Magazine estimates that the 40 acres and a mule promise would be worth $6.,['a1_present_simple_3d_pers']
"ESPN owns and produces the X Games, which had no comment on Mirra's diagnosis.","['a1_present_simple_3d_pers', 'a1_past_simple_irreg', 'a1_be_have_do_in_the_past', 'a1_possesive_s_sing']"
So he turned to painting as a way to bring colour back into his life.,"['a1_past_simple_reg', 'a2_to_non_finite_forms']"
"If a few were poisoned and could kill you, he asked, would you want any at all?","['a2_second_conditional_if_m', 'a2_could', 'a1_past_simple_reg']"
"She said, what the hell are you doing to your brother?","['a2_say_reported_verb', 'a1_past_simple_irreg', 'a1_special_questions', 'a1_present_continuous_act_rn']"
"Budweiser is a very bland and boring pilsner, which is like the Honda Civic of beers.","['a1_to_be_present_is_am_are', 'a2_relative_clause_who_which_that']"
Either that or hopefully our oldest two will continue to keep an eye out for him.,"['a1_present_simple_reg_act', 'a2_to_non_finite_forms']"
And the old man hugged Mr. Dursley around the middle and walked off.,['a1_past_simple_reg']
It was as though the broom was trying to buck him off.,"['a1_to_be_past_was_were', 'a2_past_continuous', 'a2_to_non_finite_forms']"
A sleeping bag is arguably the most important piece of gear you carry on a backpacking trip.,"['a1_to_be_present_is_am_are', 'a1_superlative_long', 'a1_present_simple_reg_act']"
"That's an active volcano, one of several in the state.",['a1_to_be_present_is_am_are']
Work gives you purpose and self-discovery while the relationships and experiences are what you'll remember the most.,"['a1_present_simple_3d_pers', 'a1_future_simple']"
"I was so afraid of failing and other people knowing about it, that I didn't tell anybody about my plans.","['a1_to_be_past_was_were', 'a1_past_simple_irreg', 'a2_ing_non_finite_forms']"
We're purposely not signing anything with anybody until we actually have the working ones.,"['a1_present_simple_reg_act', 'a1_present_continuous_act_rn']"
So this is his answer about a defining moment in American history.,"['a1_to_be_present_is_am_are', 'a2_ing_non_finite_forms']"
"So yes, it begins inside the Pentagon, but over time it's going to cross that river.","['a1_present_simple_reg_act', 'a2_is_am_are_going_to']"
Everything is hopeless - we're always being told so by the media.,"['a2_passive_present_cont', 'a1_to_be_present_is_am_are']"
"The person that hasn't delivered a Zika funding bill is Mitch McConnell, he added.","['a2_present_perfect', 'a1_past_simple_reg']"
Mirra's wife Lauren was told of Mirra's CTE in March.,['a2_passive_past_simple']
"Although the amount of debt I would have after graduating was apparent up front, I did not fully understand it.","['a1_to_be_past_was_were', 'a1_past_simple_irreg']"
"This goes for all manner of other stuff too, particularly social things like sex and friendship-related stuff.",['a1_present_simple_3d_pers']
The interviewer's smile fades and his eyes go a bit wobbly.,"['a1_possesive_s_sing', 'a1_present_simple_3d_pers', 'a1_present_simple_reg_act']"
Casual school littering is something that is much much rarer in a Japanese school.,"['a1_to_be_present_is_am_are', '_a2_much_many_a_lot']"
"Yeah, well, if he's so smart, why is he dead?","['a1_to_be_present_is_am_are', 'a1_special_questions']"
"If you ever do run across it, you will now be prepared.","['a2_passive_will', 'a2_second_conditional_if_m', 'a1_present_simple_reg_act']"
"Well have another little chat soon, when you've had time to think things over and decided where your loyalties lie.","['a2_present_perfect', 'a2_to_non_finite_forms', 'a2_relative_clause_others', 'a1_present_simple_reg_act']"
"She hasn't got much time, he added quickly, you know, with five of us.","['a1_have_has_got', 'a1_past_simple_reg', 'a1_present_simple_reg_act']"
"Hagrid folded up his newspaper, and they clambered up the stone steps onto the street.",['a1_past_simple_reg']
"We watched the final surf sessions of the day while the golden, darkening sky blended with the shade of the ocean.",['a1_past_simple_reg']
"Whether soldiers from WWI or little mermaids with a dream, characters need to be coherent.","['a1_present_simple_reg_act', 'a2_to_non_finite_forms']"
Jules was ripping grass from the dirt and tossing it to get caught in the wind while Madrona examined her body.,"['a2_past_continuous', 'a2_to_non_finite_forms', 'a1_past_simple_reg']"
There's one nano-engineered device that cures type 1 diabetes.,"['a1_there_is_am_are', 'a1_present_simple_3d_pers']"
"The survey was not, in the end, going to be what got Sudhir off the hook.","['a2_was_were_going_to', 'a1_past_simple_irreg']"
"However, this city was blessed in the late 1990s with a highly-influential mayor named Enrique PeГ±alosa.",['a2_passive_past_simple']
You can engineer a prairie vole to become monogamous when it's naturally polygamous.,"['a1_can', 'a2_to_non_finite_forms', 'a1_to_be_present_is_am_are']"
