ID,DataRow ID,Labeled Data,Label,Created By,Project Name,Created At,Updated At,Seconds to Label,External ID,Agreement,Benchmark Agreement,Benchmark ID,Benchmark Reference ID,Dataset Name,Reviews,View Label
ckjzzk3g5000g3b688jhnnugt,ckjz33vxql3as0re76z0mcyzg,I have never once washed an apple from the store before I ate it.,"{""objects"":[],""classifications"":[{""featureId"":""ckjzzgrz600013b68a5fceccg"",""schemaId"":""ckjz3l1kn048d0y7qa0so5290"",""title"":""Classes"",""value"":""classes"",""answers"":[{""featureId"":""ckjzzgrz500003b6854my97v8"",""schemaId"":""ckjz3l1lx04bh0y7q45rg0mrs"",""title"":""a2_present_perfect"",""value"":""a2_present_perfect""},{""featureId"":""ckjzzhle300033b68gln58pso"",""schemaId"":""ckjz3l1ls049v0y7qfjvn5f2j"",""title"":""a1_past_simple_irreg"",""value"":""a1_past_simple_irreg""},{""featureId"":""ckjzzisqr00063b68t5lh4oxc"",""schemaId"":""ckjz3l1lx04bf0y7qgw6i8vxf"",""title"":""a2_narrative_tenses"",""value"":""a2_narrative_tenses""},{""featureId"":""ckjzzix6g000a3b68onh8uh5g"",""schemaId"":""ckjz3l1lx04bp0y7q14o9h01j"",""title"":""a2_article_a_an"",""value"":""a2_article_a_an""},{""featureId"":""ckjzzj0k6000f3b68uocun31i"",""schemaId"":""ckjz3l1lp048t0y7q2o8w5a1p"",""title"":""a1_singular_nouns"",""value"":""a1_singular_nouns""}]}]}",violsoboleva@gmail.com,Tenses Classification,1610818187000,1610818312209,177.605,,,-1,,,balanced_combined_texts.csv,[],https://editor.labelbox.com?project=ckjz31xd30vbj0722yd25pxlm&label=ckjzzk3g5000g3b688jhnnugt
ckjzzlsg8000o3b68xpddtxhb,ckjz33vxul3ec0re70820g1sw,"Under the rules of dueling, Dickinson had to remain still as Jackson took aim and shot and killed him.","{""objects"":[],""classifications"":[{""featureId"":""ckjzzkcwn000i3b685rurlg4e"",""schemaId"":""ckjz3l1kn048d0y7qa0so5290"",""title"":""Classes"",""value"":""classes"",""answers"":[{""featureId"":""ckjzzkcwn000h3b68plbw5gwh"",""schemaId"":""ckjz3l1lt04al0y7q4gndacnq"",""title"":""a2_had_to"",""value"":""a2_had_to""},{""featureId"":""ckjzzkmut000k3b685wjz1miu"",""schemaId"":""ckjz3l1ls049v0y7qfjvn5f2j"",""title"":""a1_past_simple_irreg"",""value"":""a1_past_simple_irreg""},{""featureId"":""ckjzzkv7b000n3b68o1v5ji7h"",""schemaId"":""ckjz3l1lx04bf0y7qgw6i8vxf"",""title"":""a2_narrative_tenses"",""value"":""a2_narrative_tenses""}]}]}",violsoboleva@gmail.com,Tenses Classification,1610818266000,1610818313444,65.503,,,-1,,,balanced_combined_texts.csv,[],https://editor.labelbox.com?project=ckjz31xd30vbj0722yd25pxlm&label=ckjzzlsg8000o3b68xpddtxhb
ckjzzrqt0000t3b687jkkunk6,ckjz33vxvl3hw0re7hwlib3q8,"Usually, when I tell someone, they give me a blank stare, then ask What is Reddit?","{""objects"":[],""classifications"":[{""featureId"":""ckjzzr7ow000q3b68ul2x3xkx"",""schemaId"":""ckjz3l1kn048d0y7qa0so5290"",""title"":""Classes"",""value"":""classes"",""answers"":[{""featureId"":""ckjzzr7ov000p3b68w9s36482"",""schemaId"":""ckjz3l1m204d50y7q97yn06r4"",""title"":""a2_first_conditional_if_m"",""value"":""a2_first_conditional_if_m""},{""featureId"":""ckjzzrevw000s3b68mvt73k92"",""schemaId"":""ckjz3l1lr049n0y7q6av05hd6"",""title"":""a1_present_simple_reg_act"",""value"":""a1_present_simple_reg_act""}]}]}",violsoboleva@gmail.com,Tenses Classification,1610818544000,1610818666306,159.015,,,-1,,,balanced_combined_texts.csv,[],https://editor.labelbox.com?project=ckjz31xd30vbj0722yd25pxlm&label=ckjzzrqt0000t3b687jkkunk6
ckjzzwfie001c3b68ugyh7tx2,ckjz33vxwl3lg0re7ao494u25,"Unfortunately, the names of the developer command prompt shortcuts and where they're located are different in almost every version of Visual C++ and on different versions of Windows.","{""objects"":[],""classifications"":[{""featureId"":""ckjzzsur4000v3b685il24tk3"",""schemaId"":""ckjz3l1kn048d0y7qa0so5290"",""title"":""Classes"",""value"":""classes"",""answers"":[{""featureId"":""ckjzzsur4000u3b68zh16zny2"",""schemaId"":""ckjz3l1lx04br0y7q1rmfetg5"",""title"":""a2_article_the"",""value"":""a2_article_the""},{""featureId"":""ckjzztsak00103b68qvmxowyx"",""schemaId"":""ckjz3l1lq049b0y7q48v351ao"",""title"":""a1_to_be_present_is_am_are"",""value"":""a1_to_be_present_is_am_are""},{""featureId"":""ckjzzv48v00143b68xl6nm5uo"",""schemaId"":""ckjz3l1lr049n0y7q6av05hd6"",""title"":""a1_present_simple_reg_act"",""value"":""a1_present_simple_reg_act""},{""featureId"":""ckjzzvxcn001b3b68tn1ktn6a"",""schemaId"":""ckjz3l1lp048v0y7qh8h7022v"",""title"":""a1_plural_nouns"",""value"":""a1_plural_nouns""}]}]}",violsoboleva@gmail.com,Tenses Classification,1610818763000,1610818780000,170.04,,-1,-1,,,balanced_combined_texts.csv,[],https://editor.labelbox.com?project=ckjz31xd30vbj0722yd25pxlm&label=ckjzzwfie001c3b68ugyh7tx2
ckk03jnqs001o3b68h2141xj8,ckjz33vxyl3p00re792b07hcn,We recommend you use a developer command prompt shortcut instead of building your own.,"{""objects"":[],""classifications"":[{""featureId"":""ckjzzwrhg001e3b68blo0021d"",""schemaId"":""ckjz3l1kn048d0y7qa0so5290"",""title"":""Classes"",""value"":""classes"",""answers"":[{""featureId"":""ckk03ipjf001j3b682vrc8qxq"",""schemaId"":""ckjz3l1ln048j0y7q6lm5e8jt"",""title"":""a1_possessive_pronouns"",""value"":""a1_possessive_pronouns""}]}]}",violsoboleva@gmail.com,Tenses Classification,1610824886000,1610825033000,134.659,,-1,-1,,,balanced_combined_texts.csv,[],https://editor.labelbox.com?project=ckjz31xd30vbj0722yd25pxlm&label=ckk03jnqs001o3b68h2141xj8
ckk03l85q00203b68jmdnppgh,ckjz33vxyl3sk0re75p7fadal,"Note: We do not recommend that beginners start with vue-cli, especially if you are not yet familiar with Node.js-based build tools.","{""objects"":[],""classifications"":[{""featureId"":""ckk03jw88001q3b68r24q3k74"",""schemaId"":""ckjz3l1kn048d0y7qa0so5290"",""title"":""Classes"",""value"":""classes"",""answers"":[{""featureId"":""ckk03jw87001p3b68wld2ip75"",""schemaId"":""ckjz3l1lr049n0y7q6av05hd6"",""title"":""a1_present_simple_reg_act"",""value"":""a1_present_simple_reg_act""},{""featureId"":""ckk03keuo001s3b681belpgek"",""schemaId"":""ckjz3l1m204d30y7qevtp855o"",""title"":""a2_zero_conditional_m_if"",""value"":""a2_zero_conditional_m_if""},{""featureId"":""ckk03kv06001v3b6862d801yp"",""schemaId"":""ckjz3l1lm048f0y7q6zq2co8p"",""title"":""a1_plural_forms"",""value"":""a1_plural_forms""},{""featureId"":""ckk03l3kj001z3b683ttyyt7k"",""schemaId"":""ckjz3l1lq049b0y7q48v351ao"",""title"":""a1_to_be_present_is_am_are"",""value"":""a1_to_be_present_is_am_are""}]}]}",violsoboleva@gmail.com,Tenses Classification,1610824958000,1610825035000,71.52,,-1,-1,,,balanced_combined_texts.csv,[],https://editor.labelbox.com?project=ckjz31xd30vbj0722yd25pxlm&label=ckk03l85q00203b68jmdnppgh
ckk03mqqh00283b68h4sr9jlk,ckjz33vxzl3w40re76ijb1v7h,Each rule begins with a name (which is the name defined by the rule) and ::=.,"{""objects"":[],""classifications"":[{""featureId"":""ckk03ldrx00223b68y13heaww"",""schemaId"":""ckjz3l1kn048d0y7qa0so5290"",""title"":""Classes"",""value"":""classes"",""answers"":[{""featureId"":""ckk03ldrx00213b68fz7oyf61"",""schemaId"":""ckjz3l1lr049n0y7q6av05hd6"",""title"":""a1_present_simple_reg_act"",""value"":""a1_present_simple_reg_act""},{""featureId"":""ckk03lj1100243b68hcqhk1qj"",""schemaId"":""ckjz3l1lx04bp0y7q14o9h01j"",""title"":""a2_article_a_an"",""value"":""a2_article_a_an""},{""featureId"":""ckk03mc1w00273b684hcrp2ft"",""schemaId"":""ckjz3l1ly04c30y7qcdmo85db"",""title"":""a2_relative_clause_who_which_that"",""value"":""a2_relative_clause_who_which_that""}]}]}",violsoboleva@gmail.com,Tenses Classification,1610825029000,1610825036264,70.003,,,-1,,,balanced_combined_texts.csv,[],https://editor.labelbox.com?project=ckjz31xd30vbj0722yd25pxlm&label=ckk03mqqh00283b68h4sr9jlk
ckk03ql6s002k3b684zpgib3m,ckjz33vy2l3zo0re7cwoxaiyx,"This example demonstrates that we can bind data to not only text and attributes, but also the structure of the DOM.","{""objects"":[],""classifications"":[{""featureId"":""ckk03o096002a3b68lp1zshm6"",""schemaId"":""ckjz3l1kn048d0y7qa0so5290"",""title"":""Classes"",""value"":""classes"",""answers"":[{""featureId"":""ckk03o09600293b68f23toiww"",""schemaId"":""ckjz3l1lr049n0y7q6av05hd6"",""title"":""a1_present_simple_reg_act"",""value"":""a1_present_simple_reg_act""},{""featureId"":""ckk03o4ll002c3b682me2z864"",""schemaId"":""ckjz3l1lr049l0y7qgqqo4qgm"",""title"":""a1_can"",""value"":""a1_can""},{""featureId"":""ckk03ofqu002f3b682sdtxba7"",""schemaId"":""ckjz3l1lz04c50y7qdpkl1a1k"",""title"":""a2_to_non_finite_forms"",""value"":""a2_to_non_finite_forms""},{""featureId"":""ckk03on56002j3b68ec18q4cl"",""schemaId"":""ckjz3l1lm048f0y7q6zq2co8p"",""title"":""a1_plural_forms"",""value"":""a1_plural_forms""}]}]}",violsoboleva@gmail.com,Tenses Classification,1610825209000,1610825273000,129.559,,-1,-1,,,balanced_combined_texts.csv,[],https://editor.labelbox.com?project=ckjz31xd30vbj0722yd25pxlm&label=ckk03ql6s002k3b684zpgib3m
ckk03vp4i00373b68l8xym2lm,ckjz33vy3l4380re78ffp15zt,"I'm not saying his heart isn't in the right place, said Professor McGonagall grudgingly, but you can't pretend he's not careless.","{""objects"":[],""classifications"":[{""featureId"":""ckk03tykb002m3b68gpbfaheh"",""schemaId"":""ckjz3l1kn048d0y7qa0so5290"",""title"":""Classes"",""value"":""classes"",""answers"":[{""featureId"":""ckk03tykb002l3b68bl6xbd2y"",""schemaId"":""ckjz3l1lr049r0y7q102ua5xn"",""title"":""a1_present_continuous_act_rn"",""value"":""a1_present_continuous_act_rn""},{""featureId"":""ckk03u2sw002o3b689bc37ahk"",""schemaId"":""ckjz3l1lq049b0y7q48v351ao"",""title"":""a1_to_be_present_is_am_are"",""value"":""a1_to_be_present_is_am_are""},{""featureId"":""ckk03uvho002r3b686lbj639r"",""schemaId"":""ckjz3l1m004ch0y7q7uli8w6k"",""title"":""a2_say_reported_verb"",""value"":""a2_say_reported_verb""},{""featureId"":""ckk03v0hc002v3b685qdndbq8"",""schemaId"":""ckjz3l1lr049l0y7qgqqo4qgm"",""title"":""a1_can"",""value"":""a1_can""},{""featureId"":""ckk03v78200303b68nw9gyeec"",""schemaId"":""ckjz3l1lx04br0y7q1rmfetg5"",""title"":""a2_article_the"",""value"":""a2_article_the""},{""featureId"":""ckk03vlbu00363b68saoja70t"",""schemaId"":""ckjz3l1ln048j0y7q6lm5e8jt"",""title"":""a1_possessive_pronouns"",""value"":""a1_possessive_pronouns""}]}]}",violsoboleva@gmail.com,Tenses Classification,1610825447000,1610825506000,144.557,,-1,-1,,,balanced_combined_texts.csv,[],https://editor.labelbox.com?project=ckjz31xd30vbj0722yd25pxlm&label=ckk03vp4i00373b68l8xym2lm
ckk03xzma003u3b68r91z9ryw,ckjz33vy4l46s0re73ckx3gbu,Hundreds of seats were raised in stands around the field so that the spectators were high enough to see what was going on.,"{""objects"":[],""classifications"":[{""featureId"":""ckk03vtcb00393b68zowskue4"",""schemaId"":""ckjz3l1kn048d0y7qa0so5290"",""title"":""Classes"",""value"":""classes"",""answers"":[{""featureId"":""ckk03vtcb00383b68yqcljd5j"",""schemaId"":""ckjz3l1lm048f0y7q6zq2co8p"",""title"":""a1_plural_forms"",""value"":""a1_plural_forms""},{""featureId"":""ckk03vybt003b3b68v7wol2ci"",""schemaId"":""ckjz3l1m104cp0y7qaw4y134n"",""title"":""a2_passive_present_simple"",""value"":""a2_passive_present_simple""},{""featureId"":""ckk03wu80003e3b68zhalxu04"",""schemaId"":""ckjz3l1lz04c50y7qdpkl1a1k"",""title"":""a2_to_non_finite_forms"",""value"":""a2_to_non_finite_forms""},{""featureId"":""ckk03xdhh003i3b6846uzrkyr"",""schemaId"":""ckjz3l1lx04br0y7q1rmfetg5"",""title"":""a2_article_the"",""value"":""a2_article_the""},{""featureId"":""ckk03xk8k003n3b68jvwx4r03"",""schemaId"":""ckjz3l1lq04990y7q69ohcyup"",""title"":""a1_to_be_past_was_were"",""value"":""a1_to_be_past_was_were""},{""featureId"":""ckk03xre9003t3b68rdql5ird"",""schemaId"":""ckjz3l1lx04bf0y7qgw6i8vxf"",""title"":""a2_narrative_tenses"",""value"":""a2_narrative_tenses""}]}]}",violsoboleva@gmail.com,Tenses Classification,1610825554000,1610825626309,105.05099999999999,,,-1,,,balanced_combined_texts.csv,[],https://editor.labelbox.com?project=ckjz31xd30vbj0722yd25pxlm&label=ckk03xzma003u3b68r91z9ryw
ckk0404y500463b68bhcmaadz,ckjz33vxkl2t00re793dohh1l,"Cheered by a rowdy Korean contingent in the terraces, the trio threw down the gauntlet in the opening set, hitting the innermost gold circle six times in succession to score the maximum 60 points.","{""objects"":[],""classifications"":[{""featureId"":""ckk03y9f4003w3b68vam1wsnw"",""schemaId"":""ckjz3l1kn048d0y7qa0so5290"",""title"":""Classes"",""value"":""classes"",""answers"":[{""featureId"":""ckk03y9f4003v3b68084bysd2"",""schemaId"":""ckjz3l1ls049v0y7qfjvn5f2j"",""title"":""a1_past_simple_irreg"",""value"":""a1_past_simple_irreg""},{""featureId"":""ckk03zcjs003y3b68wzoktoo7"",""schemaId"":""ckjz3l1ly04bz0y7q18ol0og3"",""title"":""a2_adjectives_ed"",""value"":""a2_adjectives_ed""},{""featureId"":""ckk03zg3m00413b68j9e0nsbx"",""schemaId"":""ckjz3l1lx04br0y7q1rmfetg5"",""title"":""a2_article_the"",""value"":""a2_article_the""},{""featureId"":""ckk03ztg200453b68svy2j55s"",""schemaId"":""ckjz3l1lz04c50y7qdpkl1a1k"",""title"":""a2_to_non_finite_forms"",""value"":""a2_to_non_finite_forms""}]}]}",violsoboleva@gmail.com,Tenses Classification,1610825654000,1610825744000,87.561,,-1,-1,,,balanced_combined_texts.csv,[],https://editor.labelbox.com?project=ckjz31xd30vbj0722yd25pxlm&label=ckk0404y500463b68bhcmaadz
ckk041qq8004w3b68m1snjp7u,ckjz33vyel56c0re7h5b8g5zs,"And a lot of talks here have espoused the benefits of having lots of people look at problems, share the information and work on those things together.","{""objects"":[],""classifications"":[{""featureId"":""ckk040b5j00483b685essluol"",""schemaId"":""ckjz3l1kn048d0y7qa0so5290"",""title"":""Classes"",""value"":""classes"",""answers"":[{""featureId"":""ckk040b5j00473b68ueowm3tq"",""schemaId"":""ckjz3l1lx04bl0y7q7z48gceu"",""title"":""a2_much_many_a_lot"",""value"":""a2_much_many_a_lot""},{""featureId"":""ckk040ipc004a3b68su4du1dh"",""schemaId"":""ckjz3l1lx04bh0y7q45rg0mrs"",""title"":""a2_present_perfect"",""value"":""a2_present_perfect""},{""featureId"":""ckk040pk2004d3b68utla6puj"",""schemaId"":""ckjz3l1lz04c70y7q4js6ay0j"",""title"":""a2_ing_non_finite_forms"",""value"":""a2_ing_non_finite_forms""},{""featureId"":""ckk040v6v004h3b6864sdsvnt"",""schemaId"":""ckjz3l1lm048f0y7q6zq2co8p"",""title"":""a1_plural_forms"",""value"":""a1_plural_forms""},{""featureId"":""ckk041obp004v3b688b4bzfnv"",""schemaId"":""ckjz3l1lx04br0y7q1rmfetg5"",""title"":""a2_article_the"",""value"":""a2_article_the""}]}]}",violsoboleva@gmail.com,Tenses Classification,1610825730000,1610825745350,73.825,,,-1,,,balanced_combined_texts.csv,[],https://editor.labelbox.com?project=ckjz31xd30vbj0722yd25pxlm&label=ckk041qq8004w3b68m1snjp7u
ckk044ttb005k3b684iyiho47,ckjz33vxll2wk0re769nidixk,"At its peak, he was one of two dozen independistas in federal prisons now he is the last one.","{""objects"":[],""classifications"":[{""featureId"":""ckk043n57004y3b68wq806k4e"",""schemaId"":""ckjz3l1kn048d0y7qa0so5290"",""title"":""Classes"",""value"":""classes"",""answers"":[{""featureId"":""ckk043n56004x3b68c0kvkm8u"",""schemaId"":""ckjz3l1ln048h0y7q50ljaoe3"",""title"":""a1_personal_pronouns"",""value"":""a1_personal_pronouns""},{""featureId"":""ckk043rk9004z3b689xzmuout"",""schemaId"":""ckjz3l1ln048j0y7q6lm5e8jt"",""title"":""a1_possessive_pronouns"",""value"":""a1_possessive_pronouns""},{""featureId"":""ckk043z2300513b68we3a5azu"",""schemaId"":""ckjz3l1lq04990y7q69ohcyup"",""title"":""a1_to_be_past_was_were"",""value"":""a1_to_be_past_was_were""},{""featureId"":""ckk0449az00543b68cpapsq1z"",""schemaId"":""ckjz3l1lq049b0y7q48v351ao"",""title"":""a1_to_be_present_is_am_are"",""value"":""a1_to_be_present_is_am_are""},{""featureId"":""ckk044hct00583b68vbmcpum6"",""schemaId"":""ckjz3l1lm048f0y7q6zq2co8p"",""title"":""a1_plural_forms"",""value"":""a1_plural_forms""},{""featureId"":""ckk044npd005d3b68nggr380w"",""schemaId"":""ckjz3l1lx04br0y7q1rmfetg5"",""title"":""a2_article_the"",""value"":""a2_article_the""}]}]}",violsoboleva@gmail.com,Tenses Classification,1610825873000,1610825992000,89.92,,-1,-1,,,balanced_combined_texts.csv,[],https://editor.labelbox.com?project=ckjz31xd30vbj0722yd25pxlm&label=ckk044ttb005k3b684iyiho47
ckk045dk6005w3b6895zz5h9w,ckjz33vyfl59w0re7dag749q2,"And George Homsey, a great guy, said, Oh, the future is amazing.","{""objects"":[],""classifications"":[{""featureId"":""ckk04512t005m3b68vrxoal9b"",""schemaId"":""ckjz3l1kn048d0y7qa0so5290"",""title"":""Classes"",""value"":""classes"",""answers"":[{""featureId"":""ckk04512t005l3b68x0g447ks"",""schemaId"":""ckjz3l1lx04bp0y7q14o9h01j"",""title"":""a2_article_a_an"",""value"":""a2_article_a_an""},{""featureId"":""ckk045464005o3b68d0i5ep2k"",""schemaId"":""ckjz3l1lx04br0y7q1rmfetg5"",""title"":""a2_article_the"",""value"":""a2_article_the""},{""featureId"":""ckk0458ar005r3b68x7nmypqd"",""schemaId"":""ckjz3l1lr049h0y7qfkun3c0i"",""title"":""a1_there_is_am_are"",""value"":""a1_there_is_am_are""},{""featureId"":""ckk045bqv005v3b68snrqhqys"",""schemaId"":""ckjz3l1ly04bx0y7qhmweci78"",""title"":""a2_adjectives_ing"",""value"":""a2_adjectives_ing""}]}]}",violsoboleva@gmail.com,Tenses Classification,1610825899000,1610825992000,24.666,,-1,-1,,,balanced_combined_texts.csv,[],https://editor.labelbox.com?project=ckjz31xd30vbj0722yd25pxlm&label=ckk045dk6005w3b6895zz5h9w
ckk048249006d3b686q1re3gs,ckjz33vxol3040re781r06lxf,We have three new parties that could grab as much as 40% of the vote.,"{""objects"":[],""classifications"":[{""featureId"":""ckk045xje005y3b68r4aq00tl"",""schemaId"":""ckjz3l1kn048d0y7qa0so5290"",""title"":""Classes"",""value"":""classes"",""answers"":[{""featureId"":""ckk045xje005x3b68jnbwfyst"",""schemaId"":""ckjz3l1lt04a90y7qf78c78wq"",""title"":""a2_could"",""value"":""a2_could""},{""featureId"":""ckk047j9h00603b68vy3xb48b"",""schemaId"":""ckjz3l1lx04br0y7q1rmfetg5"",""title"":""a2_article_the"",""value"":""a2_article_the""},{""featureId"":""ckk047n1k00633b68un4ys6bn"",""schemaId"":""ckjz3l1lm048f0y7q6zq2co8p"",""title"":""a1_plural_forms"",""value"":""a1_plural_forms""},{""featureId"":""ckk047r6u00673b684soe6ll8"",""schemaId"":""ckjz3l1lr049n0y7q6av05hd6"",""title"":""a1_present_simple_reg_act"",""value"":""a1_present_simple_reg_act""},{""featureId"":""ckk047yq3006c3b68xbw3pgqv"",""schemaId"":""ckjz3l1lx04bl0y7q7z48gceu"",""title"":""a2_much_many_a_lot"",""value"":""a2_much_many_a_lot""}]}]}",violsoboleva@gmail.com,Tenses Classification,1610826024000,1610826096471,101.152,,,-1,,,balanced_combined_texts.csv,[],https://editor.labelbox.com?project=ckjz31xd30vbj0722yd25pxlm&label=ckk048249006d3b686q1re3gs
ckk04bhzc006k3b689utw0fif,ckjz33vygl5dg0re73u3vgkkt,"Books that might sell 100 copies a year, 1,000 copies a year.","{""objects"":[],""classifications"":[{""featureId"":""ckk048fn6006f3b68hbkxqfuv"",""schemaId"":""ckjz3l1kn048d0y7qa0so5290"",""title"":""Classes"",""value"":""classes"",""answers"":[{""featureId"":""ckk048fn6006e3b68nfiwuhew"",""schemaId"":""ckjz3l1lm048f0y7q6zq2co8p"",""title"":""a1_plural_forms"",""value"":""a1_plural_forms""}]}]}",violsoboleva@gmail.com,Tenses Classification,1610826184000,1610826222000,124.024,,-1,-1,,,balanced_combined_texts.csv,[],https://editor.labelbox.com?project=ckjz31xd30vbj0722yd25pxlm&label=ckk04bhzc006k3b689utw0fif
ckk04c946006w3b68bhujpc8x,ckjz33vxol33o0re718ye109n,There is also a big difference between the voting demographics in the countryside and the cities.,"{""objects"":[],""classifications"":[{""featureId"":""ckk04bmce006m3b6816u088dn"",""schemaId"":""ckjz3l1kn048d0y7qa0so5290"",""title"":""Classes"",""value"":""classes"",""answers"":[{""featureId"":""ckk04bmce006l3b68orpp4wxo"",""schemaId"":""ckjz3l1lr049h0y7qfkun3c0i"",""title"":""a1_there_is_am_are"",""value"":""a1_there_is_am_are""},{""featureId"":""ckk04brlb006o3b681vvnfwil"",""schemaId"":""ckjz3l1lx04bp0y7q14o9h01j"",""title"":""a2_article_a_an"",""value"":""a2_article_a_an""},{""featureId"":""ckk04bvzd006r3b68d29agd9r"",""schemaId"":""ckjz3l1lx04br0y7q1rmfetg5"",""title"":""a2_article_the"",""value"":""a2_article_the""},{""featureId"":""ckk04c1yk006v3b68wjxzhwf5"",""schemaId"":""ckjz3l1lm048f0y7q6zq2co8p"",""title"":""a1_plural_forms"",""value"":""a1_plural_forms""}]}]}",violsoboleva@gmail.com,Tenses Classification,1610826219000,1610826223000,33.982,,-1,-1,,,balanced_combined_texts.csv,[],https://editor.labelbox.com?project=ckjz31xd30vbj0722yd25pxlm&label=ckk04c946006w3b68bhujpc8x
ckk04go2z00713b68vewpdygc,ckjz33vy5l4ac0re7gwzp0qck,"He set off, drawing the Invisibility Cloak tight around him as he walked.","{""objects"":[],""classifications"":[{""featureId"":""ckk04g3ti006y3b68b4nl913r"",""schemaId"":""ckjz3l1kn048d0y7qa0so5290"",""title"":""Classes"",""value"":""classes"",""answers"":[{""featureId"":""ckk04g3tg006x3b68d0v440jj"",""schemaId"":""ckjz3l1ls049v0y7qfjvn5f2j"",""title"":""a1_past_simple_irreg"",""value"":""a1_past_simple_irreg""},{""featureId"":""ckk04gbhi00703b68s010z1xz"",""schemaId"":""ckjz3l1lr049t0y7q1ks29mkx"",""title"":""a1_past_simple_reg"",""value"":""a1_past_simple_reg""},{""featureId"":""ckk04iyp200743b68r79qjq0z"",""schemaId"":""ckjz3l1ln048h0y7q50ljaoe3"",""title"":""a1_personal_pronouns"",""value"":""a1_personal_pronouns""}]}]}",violsoboleva@gmail.com,Tenses Classification,1610826425000,1610826583218,139.709,,,-1,,,balanced_combined_texts.csv,[],https://editor.labelbox.com?project=ckjz31xd30vbj0722yd25pxlm&label=ckk04go2z00713b68vewpdygc
ckk04l7r0007g3b687hw7a0f6,ckjz33vy6l4dw0re720i1ct6y,"You hang around with riffraff like the Weasleys and that Hagrid, and it'll rub off on you.","{""objects"":[],""classifications"":[{""featureId"":""ckk04jq7500763b68ittoekhd"",""schemaId"":""ckjz3l1kn048d0y7qa0so5290"",""title"":""Classes"",""value"":""classes"",""answers"":[{""featureId"":""ckk04jq7400753b68b46vfy09"",""schemaId"":""ckjz3l1ln048h0y7q50ljaoe3"",""title"":""a1_personal_pronouns"",""value"":""a1_personal_pronouns""},{""featureId"":""ckk04kbyu00773b68629n2uy7"",""schemaId"":""ckjz3l1lw04b10y7qbtgp4xwe"",""title"":""a2_future_simple_pred_bas_on_own_exp"",""value"":""a2_future_simple_pred_bas_on_own_exp""},{""featureId"":""ckk04kgnj00793b68u2ca6lgw"",""schemaId"":""ckjz3l1lr049n0y7q6av05hd6"",""title"":""a1_present_simple_reg_act"",""value"":""a1_present_simple_reg_act""}]}]}",violsoboleva@gmail.com,Tenses Classification,1610826638000,1610826715000,99.162,,-1,-1,,,balanced_combined_texts.csv,[],https://editor.labelbox.com?project=ckjz31xd30vbj0722yd25pxlm&label=ckk04l7r0007g3b687hw7a0f6
ckk04m0js007o3b68oboyk0xy,ckjz33vy7l4hg0re72zh8dm5w,"Uncle Vernon made another funny noise, like a mouse being trodden on.","{""objects"":[],""classifications"":[{""featureId"":""ckk04lfo3007i3b68pbif1t8b"",""schemaId"":""ckjz3l1kn048d0y7qa0so5290"",""title"":""Classes"",""value"":""classes"",""answers"":[{""featureId"":""ckk04lfo3007h3b6807fnzz5f"",""schemaId"":""ckjz3l1ls049v0y7qfjvn5f2j"",""title"":""a1_past_simple_irreg"",""value"":""a1_past_simple_irreg""},{""featureId"":""ckk04llk9007k3b68wbt2hqxl"",""schemaId"":""ckjz3l1lx04bp0y7q14o9h01j"",""title"":""a2_article_a_an"",""value"":""a2_article_a_an""},{""featureId"":""ckk04ltru007n3b680w5mr2rz"",""schemaId"":""ckjz3l1lo048p0y7q63vrd3kv"",""title"":""a1_countable_nouns"",""value"":""a1_countable_nouns""}]}]}",violsoboleva@gmail.com,Tenses Classification,1610826675000,1610826716000,35.656,,-1,-1,,,balanced_combined_texts.csv,[],https://editor.labelbox.com?project=ckjz31xd30vbj0722yd25pxlm&label=ckk04m0js007o3b68oboyk0xy
ckk04qtum00803b68orqmrtkq,ckjz33vy9l4l00re79t2q3hi8,We spend 10-12 hours/day at work for the better part of our lives.,"{""objects"":[],""classifications"":[{""featureId"":""ckk04phbm007q3b683u9fc88j"",""schemaId"":""ckjz3l1kn048d0y7qa0so5290"",""title"":""Classes"",""value"":""classes"",""answers"":[{""featureId"":""ckk04phbm007p3b68esal3lxe"",""schemaId"":""ckjz3l1lr049n0y7q6av05hd6"",""title"":""a1_present_simple_reg_act"",""value"":""a1_present_simple_reg_act""},{""featureId"":""ckk04poqd007s3b6861d82uv9"",""schemaId"":""ckjz3l1lx04br0y7q1rmfetg5"",""title"":""a2_article_the"",""value"":""a2_article_the""},{""featureId"":""ckk04pw1x007v3b687ok1hzp4"",""schemaId"":""ckjz3l1ln048j0y7q6lm5e8jt"",""title"":""a1_possessive_pronouns"",""value"":""a1_possessive_pronouns""},{""featureId"":""ckk04qs8k007z3b68to7xnzq8"",""schemaId"":""ckjz3l1lm048f0y7q6zq2co8p"",""title"":""a1_plural_forms"",""value"":""a1_plural_forms""}]}]}",violsoboleva@gmail.com,Tenses Classification,1610826899000,1610826946304,120.893,,,-1,,,balanced_combined_texts.csv,[],https://editor.labelbox.com?project=ckjz31xd30vbj0722yd25pxlm&label=ckk04qtum00803b68orqmrtkq
ckk04u7x9000b3b68lt9kgk8x,ckjz33vyal4ok0re7dmzjg1b1,"There I stayed for a good 48-hours, clinging to the 24-hour news, drinking wine from a bottle.","{""objects"":[],""classifications"":[{""featureId"":""ckk04tnzb00013b68yonbzvp5"",""schemaId"":""ckjz3l1kn048d0y7qa0so5290"",""title"":""Classes"",""value"":""classes"",""answers"":[{""featureId"":""ckk04tnz700003b68umktsc55"",""schemaId"":""ckjz3l1lr049t0y7q1ks29mkx"",""title"":""a1_past_simple_reg"",""value"":""a1_past_simple_reg""},{""featureId"":""ckk04tqo800033b68qxop94d4"",""schemaId"":""ckjz3l1lx04bp0y7q14o9h01j"",""title"":""a2_article_a_an"",""value"":""a2_article_a_an""},{""featureId"":""ckk04tzd900063b689fherygv"",""schemaId"":""ckjz3l1lo048p0y7q63vrd3kv"",""title"":""a1_countable_nouns"",""value"":""a1_countable_nouns""},{""featureId"":""ckk04u319000a3b68md4yypb2"",""schemaId"":""ckjz3l1lo048r0y7qd55u8e7v"",""title"":""a1_uncountable_nouns"",""value"":""a1_uncountable_nouns""}]}]}",violsoboleva@gmail.com,Tenses Classification,1610827058000,1610827179234,101.13799999999999,,,-1,,,balanced_combined_texts.csv,[],https://editor.labelbox.com?project=ckjz31xd30vbj0722yd25pxlm&label=ckk04u7x9000b3b68lt9kgk8x
ckk04v40n000s3b68w66zh73e,ckjz33vybl4s40re70dsmf1fu,They barely checked his passport and did not ask where he was headed.,"{""objects"":[],""classifications"":[{""featureId"":""ckk04udu5000d3b689yivlm47"",""schemaId"":""ckjz3l1kn048d0y7qa0so5290"",""title"":""Classes"",""value"":""classes"",""answers"":[{""featureId"":""ckk04udu5000c3b68x1tjy2nj"",""schemaId"":""ckjz3l1lr049t0y7q1ks29mkx"",""title"":""a1_past_simple_reg"",""value"":""a1_past_simple_reg""},{""featureId"":""ckk04ul16000f3b687ysl7e25"",""schemaId"":""ckjz3l1ly04c10y7qc11d26so"",""title"":""a2_relative_clause_others"",""value"":""a2_relative_clause_others""},{""featureId"":""ckk04uvp7000n3b68t0sxa4tz"",""schemaId"":""ckjz3l1m104cv0y7q6gi536bo"",""title"":""a2_passive_past_simple"",""value"":""a2_passive_past_simple""},{""featureId"":""ckk04v1uu000r3b680gn92tid"",""schemaId"":""ckjz3l1ln048j0y7q6lm5e8jt"",""title"":""a1_possessive_pronouns"",""value"":""a1_possessive_pronouns""}]}]}",violsoboleva@gmail.com,Tenses Classification,1610827099000,1610827180000,40.615,,-1,-1,,,balanced_combined_texts.csv,[],https://editor.labelbox.com?project=ckjz31xd30vbj0722yd25pxlm&label=ckk04v40n000s3b68w66zh73e
ckk04y7jo001m3b68c12eh4fk,ckjz33vycl4vo0re72z2rhsae,I started working on the application by contacting one of my professors and the employer from my last internship to help me with the recommendation letters.,"{""objects"":[],""classifications"":[{""featureId"":""ckk04v9s0000u3b68valuylcn"",""schemaId"":""ckjz3l1kn048d0y7qa0so5290"",""title"":""Classes"",""value"":""classes"",""answers"":[{""featureId"":""ckk04v9s0000t3b68cha1xmbd"",""schemaId"":""ckjz3l1lr049t0y7q1ks29mkx"",""title"":""a1_past_simple_reg"",""value"":""a1_past_simple_reg""},{""featureId"":""ckk04vior000w3b68zc8jbx0s"",""schemaId"":""ckjz3l1ln048h0y7q50ljaoe3"",""title"":""a1_personal_pronouns"",""value"":""a1_personal_pronouns""},{""featureId"":""ckk04vpsi000z3b68t2wjnssd"",""schemaId"":""ckjz3l1lz04c50y7qdpkl1a1k"",""title"":""a2_to_non_finite_forms"",""value"":""a2_to_non_finite_forms""},{""featureId"":""ckk04vt1e00133b68614zr2wx"",""schemaId"":""ckjz3l1lm048f0y7q6zq2co8p"",""title"":""a1_plural_forms"",""value"":""a1_plural_forms""},{""featureId"":""ckk04w1gd00183b689404xhro"",""schemaId"":""ckjz3l1ln048j0y7q6lm5e8jt"",""title"":""a1_possessive_pronouns"",""value"":""a1_possessive_pronouns""},{""featureId"":""ckk04w538001e3b680yo567xc"",""schemaId"":""ckjz3l1lx04br0y7q1rmfetg5"",""title"":""a2_article_the"",""value"":""a2_article_the""},{""featureId"":""ckk04waxn001l3b68urp7nbat"",""schemaId"":""ckjz3l1lz04c70y7q4js6ay0j"",""title"":""a2_ing_non_finite_forms"",""value"":""a2_ing_non_finite_forms""}]}]}",violsoboleva@gmail.com,Tenses Classification,1610827244000,1610827302176,84.632,,,-1,,,balanced_combined_texts.csv,[],https://editor.labelbox.com?project=ckjz31xd30vbj0722yd25pxlm&label=ckk04y7jo001m3b68c12eh4fk
ckk050zmm001r3b68bwr77lp2,ckjz33vycl4z80re7by1ea3tt,One variable that did however behave as expected was the restlessness of my sleep.,"{""objects"":[],""classifications"":[{""featureId"":""ckk04z0jo001o3b683qzhiztf"",""schemaId"":""ckjz3l1kn048d0y7qa0so5290"",""title"":""Classes"",""value"":""classes"",""answers"":[{""featureId"":""ckk04z0jl001n3b68qr7hcgm3"",""schemaId"":""ckjz3l1lq04990y7q69ohcyup"",""title"":""a1_to_be_past_was_were"",""value"":""a1_to_be_past_was_were""},{""featureId"":""ckk04ziv1001q3b68o2jycb1v"",""schemaId"":""ckjz3l1lr049t0y7q1ks29mkx"",""title"":""a1_past_simple_reg"",""value"":""a1_past_simple_reg""}]}]}",violsoboleva@gmail.com,Tenses Classification,1610827374000,1610827419000,89.895,,-1,-1,,,balanced_combined_texts.csv,[],https://editor.labelbox.com?project=ckjz31xd30vbj0722yd25pxlm&label=ckk050zmm001r3b68bwr77lp2
ckk053qva00243b68gogr4jt6,ckjz33vxjl2pg0re7dppf9u4n,And she tried to fix his ailing health with a vegan sandwich?,"{""objects"":[],""classifications"":[{""featureId"":""ckk051ix2001t3b684bwdm1go"",""schemaId"":""ckjz3l1kn048d0y7qa0so5290"",""title"":""Classes"",""value"":""classes"",""answers"":[{""featureId"":""ckk051ix2001s3b68x5vtry5p"",""schemaId"":""ckjz3l1ln048h0y7q50ljaoe3"",""title"":""a1_personal_pronouns"",""value"":""a1_personal_pronouns""},{""featureId"":""ckk051tei001v3b68vmitmie0"",""schemaId"":""ckjz3l1lr049t0y7q1ks29mkx"",""title"":""a1_past_simple_reg"",""value"":""a1_past_simple_reg""},{""featureId"":""ckk0538vz00233b683ssipy0n"",""schemaId"":""ckjz3l1lz04c50y7qdpkl1a1k"",""title"":""a2_to_non_finite_forms"",""value"":""a2_to_non_finite_forms""}]}]}",violsoboleva@gmail.com,Tenses Classification,1610827502000,1610827541330,127.14,,,-1,,,balanced_combined_texts.csv,[],https://editor.labelbox.com?project=ckjz31xd30vbj0722yd25pxlm&label=ckk053qva00243b68gogr4jt6
ckk054ycp002r3b68lmujoay1,ckjz33vydl52s0re740722fd4,"And Atlantic-Heydt, who's the largest scaffolding contractor in the country, volunteered to do it at cost.","{""objects"":[],""classifications"":[{""featureId"":""ckk053zak00263b68tnginvo7"",""schemaId"":""ckjz3l1kn048d0y7qa0so5290"",""title"":""Classes"",""value"":""classes"",""answers"":[{""featureId"":""ckk053zaj00253b68yl4xuev9"",""schemaId"":""ckjz3l1ly04c30y7qcdmo85db"",""title"":""a2_relative_clause_who_which_that"",""value"":""a2_relative_clause_who_which_that""},{""featureId"":""ckk05480w00283b68henqmjm7"",""schemaId"":""ckjz3l1lq04930y7qh0z5g0ka"",""title"":""a1_superlative_short"",""value"":""a1_superlative_short""},{""featureId"":""ckk054e9z002b3b68nkg4zc5f"",""schemaId"":""ckjz3l1lx04br0y7q1rmfetg5"",""title"":""a2_article_the"",""value"":""a2_article_the""},{""featureId"":""ckk054ir0002f3b68c19h37dm"",""schemaId"":""ckjz3l1lr049t0y7q1ks29mkx"",""title"":""a1_past_simple_reg"",""value"":""a1_past_simple_reg""},{""featureId"":""ckk054ltw002k3b68alent0go"",""schemaId"":""ckjz3l1lz04c50y7qdpkl1a1k"",""title"":""a2_to_non_finite_forms"",""value"":""a2_to_non_finite_forms""},{""featureId"":""ckk054wcr002q3b68dei9iim7"",""schemaId"":""ckjz3l1lo048p0y7q63vrd3kv"",""title"":""a1_countable_nouns"",""value"":""a1_countable_nouns""}]}]}",violsoboleva@gmail.com,Tenses Classification,1610827558000,1610827665184,55.379,,,-1,,,balanced_combined_texts.csv,[],https://editor.labelbox.com?project=ckjz31xd30vbj0722yd25pxlm&label=ckk054ycp002r3b68lmujoay1
ckk0557ux002s3b68mhn8ibdx,ckjz33vyhl5h00re7633h1a5x,"Instigation, developing ideas with communities and NGOs, doing open-source design competitions.",{},violsoboleva@gmail.com,Tenses Classification,1610827571000,1610827571000,11.4,,-1,-1,,,balanced_combined_texts.csv,[],https://editor.labelbox.com?project=ckjz31xd30vbj0722yd25pxlm&label=ckk0557ux002s3b68mhn8ibdx
ckk056b2100303b68wys1gc6k,ckjz33vxpl3780re70xeb74yi,You can't put your awkwardness with women all on your parents.,"{""objects"":[],""classifications"":[{""featureId"":""ckk055erc002u3b685266nhmw"",""schemaId"":""ckjz3l1kn048d0y7qa0so5290"",""title"":""Classes"",""value"":""classes"",""answers"":[{""featureId"":""ckk055erc002t3b682lqvxzzi"",""schemaId"":""ckjz3l1lr049l0y7qgqqo4qgm"",""title"":""a1_can"",""value"":""a1_can""},{""featureId"":""ckk05659u002w3b68pu203m65"",""schemaId"":""ckjz3l1ln048j0y7q6lm5e8jt"",""title"":""a1_possessive_pronouns"",""value"":""a1_possessive_pronouns""},{""featureId"":""ckk0567vn002z3b68le6mbdu2"",""schemaId"":""ckjz3l1ln048h0y7q50ljaoe3"",""title"":""a1_personal_pronouns"",""value"":""a1_personal_pronouns""}]}]}",violsoboleva@gmail.com,Tenses Classification,1610827622000,1610827667000,50.088,,-1,-1,,,balanced_combined_texts.csv,[],https://editor.labelbox.com?project=ckjz31xd30vbj0722yd25pxlm&label=ckk056b2100303b68wys1gc6k
ckk0576d200353b689r8h84jn,ckjz33vxrl3b40re7gk70g9ol,That's why I've watched every episode of survivorman 40 times.,"{""objects"":[],""classifications"":[{""featureId"":""ckk056x9500323b680cd5yeam"",""schemaId"":""ckjz3l1kn048d0y7qa0so5290"",""title"":""Classes"",""value"":""classes"",""answers"":[{""featureId"":""ckk056x9500313b68ijraqajw"",""schemaId"":""ckjz3l1lx04bh0y7q45rg0mrs"",""title"":""a2_present_perfect"",""value"":""a2_present_perfect""},{""featureId"":""ckk0572s400343b68lc2vdy8q"",""schemaId"":""ckjz3l1ln048h0y7q50ljaoe3"",""title"":""a1_personal_pronouns"",""value"":""a1_personal_pronouns""}]}]}",violsoboleva@gmail.com,Tenses Classification,1610827664000,1610827668000,39.036,,-1,-1,,,balanced_combined_texts.csv,[],https://editor.labelbox.com?project=ckjz31xd30vbj0722yd25pxlm&label=ckk0576d200353b689r8h84jn
ckk057y4d003a3b68vdatbgp1,ckjz33vxul3eo0re743ijarpm,There is a saying: We are often too busy growing up to notice that our parents are growing old Edit: mfw piggybacked on top comment and everyone is gilded but me(  ,{},violsoboleva@gmail.com,Tenses Classification,1610827698000,1610827698000,33.558,,-1,-1,,,balanced_combined_texts.csv,[],https://editor.labelbox.com?project=ckjz31xd30vbj0722yd25pxlm&label=ckk057y4d003a3b68vdatbgp1
ckk05962t003f3b68abuw5ple,ckjz33vxwl3i80re7am7dbc14,She'd wear fucking robes to school and eat dried leaves for lunch,"{""objects"":[],""classifications"":[{""featureId"":""ckk058x4y003c3b68bbnl0a58"",""schemaId"":""ckjz3l1kn048d0y7qa0so5290"",""title"":""Classes"",""value"":""classes"",""answers"":[{""featureId"":""ckk058x4r003b3b68mdqrjko5"",""schemaId"":""ckjz3l1lm048f0y7q6zq2co8p"",""title"":""a1_plural_forms"",""value"":""a1_plural_forms""},{""featureId"":""ckk05945v003e3b68w0o5d3ab"",""schemaId"":""ckjz3l1ln048h0y7q50ljaoe3"",""title"":""a1_personal_pronouns"",""value"":""a1_personal_pronouns""}]}]}",violsoboleva@gmail.com,Tenses Classification,1610827755000,1610827788000,55.904,,-1,-1,,,balanced_combined_texts.csv,[],https://editor.labelbox.com?project=ckjz31xd30vbj0722yd25pxlm&label=ckk05962t003f3b68abuw5ple
ckk05bozs003w3b684jeaw5py,ckjz33vxxl3ls0re7ftjbfbe7,"Open your browser's JavaScript console (right now, on this page) and set app.message to a different value.","{""objects"":[],""classifications"":[{""featureId"":""ckk059d06003h3b68seujfvgd"",""schemaId"":""ckjz3l1kn048d0y7qa0so5290"",""title"":""Classes"",""value"":""classes"",""answers"":[{""featureId"":""ckk059d06003g3b68z5k0925h"",""schemaId"":""ckjz3l1lw04b50y7qhweyeu6b"",""title"":""a2_imperatives"",""value"":""a2_imperatives""},{""featureId"":""ckk05a6p2003j3b68qzfwztg8"",""schemaId"":""ckjz3l1lx04bp0y7q14o9h01j"",""title"":""a2_article_a_an"",""value"":""a2_article_a_an""},{""featureId"":""ckk05agre003m3b681d5qmobd"",""schemaId"":""ckjz3l1ln048l0y7q6qyz0odw"",""title"":""a1_possesive_s_sing"",""value"":""a1_possesive_s_sing""},{""featureId"":""ckk05aojj003q3b68wgbb3gev"",""schemaId"":""ckjz3l1ln048j0y7q6lm5e8jt"",""title"":""a1_possessive_pronouns"",""value"":""a1_possessive_pronouns""},{""featureId"":""ckk05bl0w003v3b68990y5biy"",""schemaId"":""ckjz3l1lo048p0y7q63vrd3kv"",""title"":""a1_countable_nouns"",""value"":""a1_countable_nouns""}]}]}",violsoboleva@gmail.com,Tenses Classification,1610827873000,1610827906021,109.42999999999999,,,-1,,,balanced_combined_texts.csv,[],https://editor.labelbox.com?project=ckjz31xd30vbj0722yd25pxlm&label=ckk05bozs003w3b684jeaw5py
ckk05cicz004d3b68fivmffj0,ckjz33vxyl3pc0re72sh7gknc,"There's also a toolbar button for Save All, an icon of two floppy disks, found beside the Save button.","{""objects"":[],""classifications"":[{""featureId"":""ckk05bvaj003y3b68p3xmzqxq"",""schemaId"":""ckjz3l1kn048d0y7qa0so5290"",""title"":""Classes"",""value"":""classes"",""answers"":[{""featureId"":""ckk05bvai003x3b68b9hmj1c7"",""schemaId"":""ckjz3l1lr049h0y7qfkun3c0i"",""title"":""a1_there_is_am_are"",""value"":""a1_there_is_am_are""},{""featureId"":""ckk05c02600403b6840wvjmco"",""schemaId"":""ckjz3l1lo048p0y7q63vrd3kv"",""title"":""a1_countable_nouns"",""value"":""a1_countable_nouns""},{""featureId"":""ckk05c2hd00433b682b55a7tc"",""schemaId"":""ckjz3l1lx04bp0y7q14o9h01j"",""title"":""a2_article_a_an"",""value"":""a2_article_a_an""},{""featureId"":""ckk05c5vc00473b68m3z9tfpu"",""schemaId"":""ckjz3l1lm048f0y7q6zq2co8p"",""title"":""a1_plural_forms"",""value"":""a1_plural_forms""},{""featureId"":""ckk05cbbz004c3b68glc7s6vd"",""schemaId"":""ckjz3l1lx04br0y7q1rmfetg5"",""title"":""a2_article_the"",""value"":""a2_article_the""}]}]}",violsoboleva@gmail.com,Tenses Classification,1610827911000,1610828023000,37.008,,-1,-1,,,balanced_combined_texts.csv,[],https://editor.labelbox.com?project=ckjz31xd30vbj0722yd25pxlm&label=ckk05cicz004d3b68fivmffj0
ckk05dkrv00533b68xojgi8l9,ckjz33vxzl3sw0re79cbuewso,"Try reinstalling the Visual C++ component in Visual Studio, or reinstall the Microsoft Visual C++ Build Tools.","{""objects"":[],""classifications"":[{""featureId"":""ckk05cqdk004f3b68i4r0xflu"",""schemaId"":""ckjz3l1kn048d0y7qa0so5290"",""title"":""Classes"",""value"":""classes"",""answers"":[{""featureId"":""ckk05cqdk004e3b685p0gg94o"",""schemaId"":""ckjz3l1lw04b50y7qhweyeu6b"",""title"":""a2_imperatives"",""value"":""a2_imperatives""},{""featureId"":""ckk05cw8j004h3b68q88gtfyk"",""schemaId"":""ckjz3l1lx04br0y7q1rmfetg5"",""title"":""a2_article_the"",""value"":""a2_article_the""},{""featureId"":""ckk05d1nx004k3b68f2hq7obz"",""schemaId"":""ckjz3l1lo048p0y7q63vrd3kv"",""title"":""a1_countable_nouns"",""value"":""a1_countable_nouns""},{""featureId"":""ckk05d41u004o3b687uhawrdg"",""schemaId"":""ckjz3l1lm048f0y7q6zq2co8p"",""title"":""a1_plural_forms"",""value"":""a1_plural_forms""},{""featureId"":""ckk05dg2900523b68m37cp6vy"",""schemaId"":""ckjz3l1lz04c70y7q4js6ay0j"",""title"":""a2_ing_non_finite_forms"",""value"":""a2_ing_non_finite_forms""}]}]}",violsoboleva@gmail.com,Tenses Classification,1610827961000,1610828024108,48.459,,,-1,,,balanced_combined_texts.csv,[],https://editor.labelbox.com?project=ckjz31xd30vbj0722yd25pxlm&label=ckk05dkrv00533b68xojgi8l9
ckk05i999005k3b688of1tnhs,ckjz33vxzl3wg0re731fs96v7,"To complete this walkthrough, you must have installed either Visual Studio and the optional Desktop development with C++ workload, or the command-line Build Tools for Visual Studio.","{""objects"":[],""classifications"":[{""featureId"":""ckk05du1100553b68i2drwati"",""schemaId"":""ckjz3l1kn048d0y7qa0so5290"",""title"":""Classes"",""value"":""classes"",""answers"":[{""featureId"":""ckk05du1100543b68ypk49yjw"",""schemaId"":""ckjz3l1lt04ah0y7q5u5ye2wl"",""title"":""a2_must"",""value"":""a2_must""},{""featureId"":""ckk05ednr00573b68mp396u2x"",""schemaId"":""ckjz3l1lm048f0y7q6zq2co8p"",""title"":""a1_plural_forms"",""value"":""a1_plural_forms""},{""featureId"":""ckk05ejil005a3b68psvrtn3y"",""schemaId"":""ckjz3l1lx04br0y7q1rmfetg5"",""title"":""a2_article_the"",""value"":""a2_article_the""},{""featureId"":""ckk05eor3005e3b68z2dyqsxm"",""schemaId"":""ckjz3l1lz04c50y7qdpkl1a1k"",""title"":""a2_to_non_finite_forms"",""value"":""a2_to_non_finite_forms""},{""featureId"":""ckk05i3j0005j3b68qvlqniyf"",""schemaId"":""ckjz3l1lo048p0y7q63vrd3kv"",""title"":""a1_countable_nouns"",""value"":""a1_countable_nouns""}]}]}",violsoboleva@gmail.com,Tenses Classification,1610828179000,1610828273026,102.649,,,-1,,,balanced_combined_texts.csv,[],https://editor.labelbox.com?project=ckjz31xd30vbj0722yd25pxlm&label=ckk05i999005k3b688of1tnhs
ckk05jh4z005w3b68jhtwcxq8,ckjz33vy2l4000re72g5iahvo,"The HTML is our entry point, but everything else happens within the newly created Vue instance.","{""objects"":[],""classifications"":[{""featureId"":""ckk05iwxr005m3b68udw6nviq"",""schemaId"":""ckjz3l1kn048d0y7qa0so5290"",""title"":""Classes"",""value"":""classes"",""answers"":[{""featureId"":""ckk05iwxr005l3b68yo3hi6it"",""schemaId"":""ckjz3l1lq049b0y7q48v351ao"",""title"":""a1_to_be_present_is_am_are"",""value"":""a1_to_be_present_is_am_are""},{""featureId"":""ckk05j0h0005o3b68bdkmnbiu"",""schemaId"":""ckjz3l1lr049n0y7q6av05hd6"",""title"":""a1_present_simple_reg_act"",""value"":""a1_present_simple_reg_act""},{""featureId"":""ckk05j77w005r3b684eqm8736"",""schemaId"":""ckjz3l1lx04br0y7q1rmfetg5"",""title"":""a2_article_the"",""value"":""a2_article_the""},{""featureId"":""ckk05jg0c005v3b68t2uvp69m"",""schemaId"":""ckjz3l1ln048j0y7q6lm5e8jt"",""title"":""a1_possessive_pronouns"",""value"":""a1_possessive_pronouns""}]}]}",violsoboleva@gmail.com,Tenses Classification,1610828236000,1610828274068,36.698,,,-1,,,balanced_combined_texts.csv,[],https://editor.labelbox.com?project=ckjz31xd30vbj0722yd25pxlm&label=ckk05jh4z005w3b68jhtwcxq8
ckk05lcl6006j3b68amuf0hlw,ckjz33vy3l43k0re7536i5dix,The most you and Malfoy'll be able to do is send sparks at each other.,"{""objects"":[],""classifications"":[{""featureId"":""ckk05jrv4005y3b686p6tebax"",""schemaId"":""ckjz3l1kn048d0y7qa0so5290"",""title"":""Classes"",""value"":""classes"",""answers"":[{""featureId"":""ckk05jrv4005x3b68k5ur6ydm"",""schemaId"":""ckjz3l1lx04br0y7q1rmfetg5"",""title"":""a2_article_the"",""value"":""a2_article_the""},{""featureId"":""ckk05kan200603b68cvvkg2ci"",""schemaId"":""ckjz3l1ln048h0y7q50ljaoe3"",""title"":""a1_personal_pronouns"",""value"":""a1_personal_pronouns""},{""featureId"":""ckk05kkj500633b68jfyrm66a"",""schemaId"":""ckjz3l1lt04af0y7qg4jo4raz"",""title"":""a2_will_be_able_to"",""value"":""a2_will_be_able_to""},{""featureId"":""ckk05l2gh00673b68r0wwjxvk"",""schemaId"":""ckjz3l1lz04c50y7qdpkl1a1k"",""title"":""a2_to_non_finite_forms"",""value"":""a2_to_non_finite_forms""},{""featureId"":""ckk05l5wx006c3b68g9v6qbf8"",""schemaId"":""ckjz3l1lm048f0y7q6zq2co8p"",""title"":""a1_plural_forms"",""value"":""a1_plural_forms""},{""featureId"":""ckk05lart006i3b68unkhog2n"",""schemaId"":""ckjz3l1lo048p0y7q63vrd3kv"",""title"":""a1_countable_nouns"",""value"":""a1_countable_nouns""}]}]}",violsoboleva@gmail.com,Tenses Classification,1610828324000,1610828394133,80.115,,,-1,,,balanced_combined_texts.csv,[],https://editor.labelbox.com?project=ckjz31xd30vbj0722yd25pxlm&label=ckk05lcl6006j3b68amuf0hlw
