link,topic
https://medium.com/super-jump/jin-sakai-ramza-beoulve-and-invisible-revolutionaries-df9bae9b4164,fiction
https://medium.com/written-tales/an-ax-for-the-frozen-sea-6b4c8807da76,fiction
https://medium.com/written-tales/double-b-coming-and-going-fd745292a566,fiction
https://mattblack42.medium.com/the-devil-you-know-274c91247b7b,fiction
https://medium.com/the-gogs-and-gears-storyteller/suspension-of-disbelief-never-risk-to-lose-your-readers-emotional-involvement-in-your-story-664108607e4,fiction
https://medium.com/sci-fi-shorts/hopscotch-6d3dde54ee38,fiction
https://shubi16.medium.com/delhi-summers-1e4e585273e3,fiction
https://medium.com/theliving/the-mudgelwangk-home-to-roost-910e832f6298,fiction
https://medium.com/illumination/how-to-be-a-migrant-a150bd96a89c,fiction
https://aignerloren.medium.com/on-the-hill-of-arrival-f499b448352a,fiction
https://medium.com/@jennbaxter_69070/cruise-to-oblivion-a-triple-disappearance-on-lake-michigan-fdb3693ea0c,fiction
https://arcturus.chireviewofbooks.com/migration-829aa40965f4,fiction
https://medium.com/the-nonconformist/legs-860571da70bf,fiction
https://medium.com/the-junction/be-quick-or-be-dead-38d43c6b8f83,fiction
https://medium.com/slam/22-minutes-1341f58d986d,fiction
https://deepakdilipkumar.medium.com/parameter-6da2dbc4d560,fiction
https://medium.com/super-jump/did-death-of-the-outsider-undermine-daud-s-character-c55db43428ab,fiction
https://medium.com/super-jump/life-death-and-a-house-89e27dffcd0f,fiction
https://medium.com/scuzzbucket/chair-ef4d701f74fa,fiction
https://medium.com/@jennbaxter_69070/the-mystery-of-the-missing-medical-student-21a268aa673c,fiction
https://medium.com/muddyum/the-day-i-killed-jesus-and-flashed-a-whole-restaurant-9da09165bdb0,fiction
https://medium.com/are-you-okay/santa-teresa-problems-6646202096d0,fiction
https://psiloveyou.xyz/im-a-very-popular-hermit-aa29a337483e,fiction
https://psiloveyou.xyz/a-winter-walk-in-the-woods-91929180a640,fiction
https://psiloveyou.xyz/the-magic-hour-497522d4d696,fiction
https://psiloveyou.xyz/holding-on-e58203e84e14,fiction
https://psiloveyou.xyz/the-remains-f6549847122d,fiction
https://psiloveyou.xyz/run-bfd878a9a1a0,fiction
https://psiloveyou.xyz/the-rising-smoke-of-my-past-1149f912e37e,fiction
https://psiloveyou.xyz/the-tinder-chronicles-the-guy-who-rode-a-unicycle-2ca9906cb7d3,fiction
https://psiloveyou.xyz/the-backwards-balloon-55e53b167b82,fiction
https://medium.com/parson-and-the-chanticleer/run-for-your-life-1bbf76dc49ba,fiction
https://medium.com/prismnpen/the-men-who-bought-saturday-c206cd9fdfca,fiction
https://medium.com/mythic-writes/vixen-a-short-shapeshifting-story-58cc3bc76886,fiction
https://uxdesign.cc/the-big-paradox-of-productivity-8cde7ed9ed8a,productivity
https://medium.com/the-ascent/my-2021-goals-focus-on-habits-rather-than-outcomes-3668f2569fc,productivity
https://medium.com/writers-blokke/dear-2021-readers-bullet-journaling-is-not-outdated-d2fa8569a832,productivity
https://barry-davret.medium.com/how-to-stay-calm-motivated-and-productive-during-a-crisis-65f72c19798f,productivity
https://medium.com/calendar/15-productivity-hacks-that-have-become-irrelevant-thanks-covid-c927d25de8db,productivity
https://tedbauer2003.medium.com/group-chat-at-work-is-not-productive-b038816a63b4,productivity
https://medium.com/the-innovation/how-to-create-your-most-productive-workspace-ever-791cb28c3c6a,productivity
https://medium.com/illumination/time-blocking-and-6-simple-ways-to-use-it-to-increase-productivity-f436fd1ca5d0,productivity
https://medium.com/better-humans/a-case-study-from-mark-suster-on-losing-65-pounds-over-18-months-397d30ff1913,productivity
https://medium.com/better-humans/3-ways-leaders-can-facilitate-social-opportunities-while-working-remotely-c011c5f78a9b,productivity
https://medium.com/the-innovation/how-to-accomplish-your-big-goals-and-still-have-a-life-a0947bd80649,productivity
https://medium.com/mind-cafe/10-hindrances-that-may-be-stopping-you-from-living-up-to-your-full-potential-3df48be8b7d5,productivity
https://medium.com/better-humans/the-ultimate-self-tracking-study-on-sleep-caffeine-alcohol-and-more-ddd2f21dfacf,productivity
https://forge.medium.com/kondo-your-meeting-calendar-84b9f166278e,productivity
https://medium.com/thursday/how-i-created-a-system-to-fit-my-writers-lifestyle-df8c5f3daf6a,productivity
https://medium.com/scribblerpress/a-quick-thought-on-focus-learn-to-say-no-to-other-good-ideas-aac7e9c72659,productivity
https://medium.com/live-your-life-on-purpose/why-setting-goals-alone-will-not-create-lasting-change-4252972d9b79,productivity
https://medium.com/the-ascent/how-habit-streaks-can-help-change-your-life-for-the-better-a194b1a22980,productivity
https://sianejones.medium.com/how-to-measure-success-gas-goals-ccb9bb6f3f88,productivity
https://medium.com/better-advice/4-things-the-pros-do-differently-than-the-amateurs-228b3dc17e18,productivity
https://uxdesign.cc/tools-for-action-6475cf3343f1,productivity
https://medium.com/personal-growth/4-mental-habits-of-highly-productive-people-cd37c474f6cc,productivity
https://medium.com/change-your-mind/why-a-not-to-do-list-is-more-important-than-to-do-list-7db48ab72e56,productivity
https://sondrarosemarie.medium.com/its-2021-let-s-change-the-way-we-do-goal-setting-32385c3fb63a,productivity
https://medium.com/change-becomes-you/how-to-get-unstuck-2d20d00d3d49,productivity
https://medium.com/curious/a-tiger-catches-a-mouse-with-his-whole-strength-c9ba3b597383,productivity
https://forge.medium.com/do-this-every-friday-for-a-productive-week-ahead-bedeebc2cdc6,productivity
https://medium.com/dev-genius/how-do-i-push-myself-to-learn-new-things-everyday-9051d8255d51,productivity
https://forge.medium.com/the-strangely-simple-secret-to-really-changing-your-habits-64cbe316e9c5,productivity
https://medium.com/business-insider/a-brain-science-expert-shares-his-30-second-exercise-to-jumpstart-creative-thinking-73545e21bb2c,productivity
https://medium.com/curious/solve-your-work-and-life-balance-to-rescue-me-c1a91855db91,productivity
https://medium.com/live-your-life-on-purpose/3-reasons-adversity-enhances-your-success-and-how-you-can-use-it-to-achieve-more-7704f332ef5,productivity
https://medium.com/better-humans/can-music-help-you-buckle-down-and-get-just-a-spot-of-work-done-1ae1eca26663,productivity
https://dariusforoux.medium.com/how-to-plan-your-days-months-and-years-33fcbe13ce69,productivity
https://medium.com/farewellalarms/living-abroad-isnt-a-permanent-vacation-aa7346bdedbe,travel
https://medium.com/@eleri.denham/encountering-prehistory-in-walnut-canyon-6fc2de5af5fa,travel
https://medium.com/the-expat-chronicles/how-to-adapt-to-a-new-culture-ecd17b2d8fc8,travel
https://medium.com/gestalten/biking-the-worlds-largest-island-cf1d36441fa5,travel
https://medium.com/curious/the-magic-city-52d1a9bb50a6,travel
https://medium.com/the-ascent/i-met-a-syrian-who-lost-everything-because-of-war-46f3fd709eb7,travel
https://medium.com/curious/for-the-sake-of-their-kids-education-iznik-3b90dff58529,travel
https://medium.com/curious/choosing-the-right-sleeping-bag-temperature-rating-5766cea723ff,travel
https://medium.com/business-insider/the-most-powerful-passports-in-the-world-in-2021-ranked-a29f701bf1ee,travel
https://medium.com/insider/meet-the-woman-making-travel-more-inclusive-5763bcd6d76d,travel
https://medium.com/illumination-curated/here-is-the-real-reason-why-photos-are-banned-in-the-sistine-chapel-c501cb38f983,travel
https://medium.com/change-your-mind/conquer-your-angst-to-fail-and-your-life-will-change-in-wonderful-ways-e33aaca87c7f,travel
https://medium.com/world-travelers-blog/how-i-survived-the-storms-of-2020-as-a-full-time-traveler-da8da22b6e3d,travel
https://medium.com/scribe/every-experience-is-a-celebration-of-life-91901b551777,travel
https://medium.com/vice/the-covid-19-stimulus-bill-also-created-americas-newest-national-park-fe392cb34c6,travel
https://medium.com/in-fitness-and-in-health/driving-across-the-country-will-soothe-your-weary-soul-5c9bb3c0f553,travel
https://medium.com/weeds-wildflowers/i-survived-devils-river-84d6e3382573,travel
https://medium.com/illumination/10-things-nobody-told-me-about-japan-1e30540ed1b0,travel
https://lmchervinsky.medium.com/a-love-letter-to-washington-d-c-801db30567d4,travel
https://medium.com/curious/programmer-selling-all-positions-and-moving-into-a-sailboat-from-norwegian-office-life-to-c82e65436db7,travel
https://psiloveyou.xyz/what-american-parents-can-learn-from-the-worlds-happiest-children-1ab60236ac91,travel
https://medium.com/curious/i-canceled-my-trip-to-mexico-de77a331767b,travel
https://medium.com/weeds-wildflowers/discovering-the-cruise-port-of-livorno-88193e925b79,travel
https://medium.com/curious/the-best-time-to-declutter-is-right-before-taking-a-trip-764f6796743,travel
https://medium.com/show-your-city/welcome-to-bellingham-b49174e24f64,travel
https://medium.com/world-travelers-blog/weird-and-macabre-london-e1527f2ff510,travel
https://medium.com/illumination/migration-is-in-our-blood-76537b4b4413,travel
https://medium.com/ainyf-alcohol-is-not-your-friend/how-quitting-drinking-has-made-travel-so-much-better-eca0c16ee2b,travel
https://medium.com/datadriveninvestor/a-vacation-gone-terribly-wrong-c4821f65d2f0,travel
https://medium.com/world-travelers-blog/7-foods-to-try-in-taiwan-a085d9c9556c,travel
https://medium.com/insider/a-couple-lives-in-a-bus-they-transformed-into-a-mid-century-modern-dream-home-1f9f450440f6,travel
https://medium.com/world-travelers-blog/4-practical-tips-for-when-you-move-to-a-new-country-c7212f1b7f32,travel
https://medium.com/curious/why-i-refuse-to-travel-with-a-gun-706ddb1933bb,travel
https://caitlin-furio.medium.com/the-swim-670891385e74,travel
https://medium.com/illumination/how-to-increase-your-sales-using-these-5-effective-strategies-ffeb81514ef8,marketing
https://travislusk.medium.com/offline-reporting-is-for-chumps-9970005251b4,marketing
https://medium.com/growth-book/guide-to-multi-arm-bandits-what-is-it-and-why-you-probably-shouldnt-use-it-ecc9bb2e5a84,marketing
https://medium.com/better-marketing/how-i-made-5-000-in-one-week-from-ghostwriting-89799d3437f9,marketing
https://medium.com/better-marketing/a-scientifically-proven-method-for-predicting-the-future-f5564f8d31eb,marketing
https://medium.com/better-marketing/9-easy-tips-to-make-your-blog-more-readable-f7ab9f34a99f,marketing
https://medium.com/better-marketing/the-paradox-of-prankvertising-d6197bbbd9f5,marketing
https://medium.com/better-marketing/three-white-women-erased-200-years-of-chinese-culture-with-their-425-neon-mahjong-sets-a9dde5ee6e6a,marketing
https://medium.com/better-marketing/what-you-need-to-create-your-first-online-course-a2729ad5ca20,marketing
https://medium.com/better-marketing/make-content-that-people-want-to-share-through-cultural-cartography-5e570c74f11,marketing
https://medium.com/better-marketing/whats-wrong-with-calling-it-spin-e08168b031de,marketing
https://medium.com/better-marketing/affiliate-marketing-creating-a-salesforce-or-side-income-ea9f58ae4f30,marketing
https://medium.com/better-marketing/the-most-successful-superbowl-ad-was-never-aired-and-it-was-genius-b91c606e51ef,marketing
https://medium.com/better-marketing/7-marketing-ideas-that-are-too-crazy-to-believe-but-they-actually-worked-10c05b231b5f,marketing
https://medium.com/better-marketing/25-tips-for-creating-an-epic-sales-page-6aa41a6ab3a9,marketing
https://medium.com/better-marketing/airbnb-is-the-next-groupon-it-just-doesnt-know-it-yet-63e429ed41a4,marketing
https://medium.com/better-marketing/your-product-has-too-many-features-b4557c7df203,marketing
https://medium.com/better-marketing/the-morbid-story-behind-nikes-infamous-slogan-c703ccede552,marketing
https://medium.com/blankpage/how-ai-generated-content-will-impact-the-future-of-seo-aa8a3bad9879,marketing
https://medium.com/the-innovation/time-saving-hacks-for-keeping-up-your-social-media-presence-395fcdfd8374,marketing
https://uxdesign.cc/why-doesnt-google-assistant-have-a-human-name-4abbdce6901c,marketing
https://medium.com/better-marketing/the-critical-seo-factors-that-google-and-facebook-dont-want-you-to-know-about-596d1a3bd3f4,marketing
https://medium.com/swlh/current-customers-need-not-apply-bc4b46b4d875,marketing
https://medium.com/better-marketing/why-facebooks-ipo-was-a-success-ec3b7b75a6a2,marketing
https://medium.com/better-marketing/attention-the-only-thing-that-brings-you-paying-customers-540a7cc5b56b,marketing
https://medium.com/better-marketing/the-most-undervalued-force-for-building-a-successful-freelance-career-patience-751345411f0e,marketing
https://medium.com/better-marketing/shake-shack-shook-food-chain-service-up-with-targeted-location-marketing-10eda4b4dc13,marketing
https://medium.com/better-marketing/the-top-12-books-every-entrepreneur-should-read-this-year-cc0573bf1ab6,marketing
https://medium.com/better-marketing/how-to-boost-your-work-life-with-these-content-marketing-tools-bee66ed4db7d,marketing
https://medium.com/better-marketing/influencers-fly-while-others-die-1f3ea80c18f6,marketing
https://medium.com/better-marketing/entrepreneurs-focus-on-helping-not-hoping-in-your-marketing-8fb4185b40a5,marketing
https://medium.com/better-marketing/3-things-instagram-reels-can-do-to-beat-tiktok-808c66b20b1,marketing
https://medium.com/better-marketing/4-pricing-strategies-restaurants-use-to-make-you-spend-more-money-1ab5a1a86c29,marketing
https://medium.com/better-marketing/the-3-steps-i-took-to-achieve-a-high-earning-writing-career-by-increasing-my-output-eaee7e822733,marketing
https://medium.com/the-innovation/how-to-create-a-value-proposition-for-your-business-7c646a21852f,marketing
https://medium.com/enrique-dans/are-you-thinking-about-abandoning-whatsapp-283fa6db394c,business
https://davidjdeal.medium.com/5-lessons-from-business-leaders-during-uncertain-times-9ec3d0d209a0,business
https://medium.com/writers-blokke/6-killer-business-lessons-i-learned-from-shark-tank-201f7b6c8c5c,business
https://medium.com/13-fund/why-restaurants-are-closing-during-covid-2c8e75566736,business
https://medium.com/technology-hits/i-studied-entrepreneurship-in-4-countries-heres-how-to-fix-it-in-europe-553c951802a,business
https://medium.com/macoclock/apple-more-than-just-a-tech-company-c7740f54c81,business
https://medium.com/swlh/elon-musks-one-attribute-most-people-fail-to-acknowledge-4b2b6f734457,business
https://medium.com/super-jump/the-culture-of-development-crunch-10b8cbcae18e,business
https://medium.com/swlh/how-to-write-an-impressive-business-plan-35c763c92f62,business
https://medium.com/super-jump/what-is-the-nintendo-difference-325f70c6b8dd,business
https://marker.medium.com/companies-filed-fewer-patents-in-2020-e588a0080c47,business
https://medium.dave-bailey.com/this-practical-technique-can-help-you-become-a-better-listener-b5ce3238c6aa,business
https://marker.medium.com/the-improbable-tale-of-how-the-lowly-pdf-played-the-longest-game-in-tech-d143d2ba9abf,business
https://medium.com/the-atlantic/how-the-low-minimum-wage-helps-rich-companies-8d6ba4c25790,business
https://marker.medium.com/affirms-ipo-pop-shows-that-the-2020-ipo-fever-hasn-t-yet-broken-e92ea7b3a96,business
https://medium.com/better-marketing/what-you-need-to-create-your-first-online-course-a2729ad5ca20,business
https://medium.com/better-marketing/affiliate-marketing-creating-a-salesforce-or-side-income-ea9f58ae4f30,business
https://medium.com/dataseries/these-facebook-projects-brings-self-supervised-learning-to-speech-analysis-f939be1017a3,business
https://medium.com/bloomberg/the-startup-with-thousands-of-electric-vehicles-and-hundreds-of-collisions-917d828418ee,business
https://medium.com/better-marketing/the-most-successful-superbowl-ad-was-never-aired-and-it-was-genius-b91c606e51ef,business
https://onezero.medium.com/whats-next-for-parler-ask-the-porn-industry-3142aa5fa744,business
https://onezero.medium.com/the-moderation-war-is-coming-to-spotify-substack-and-clubhouse-9fe00672091b,business
https://medium.com/@LanceUlanoff/digital-ces-2021-what-went-right-what-went-wrong-f22ad8e43887,business
https://medium.com/better-marketing/airbnb-is-the-next-groupon-it-just-doesnt-know-it-yet-63e429ed41a4,business
https://medium.com/@mortenbbruun/the-real-secret-formula-of-mckinsey-ff50d65e70a7,business
https://johnmaeda.medium.com/digital-transformations-fail-because-they-miss-the-difference-that-just-four-letters-can-make-fb5ea5305520,business
https://medium.com/better-marketing/the-morbid-story-behind-nikes-infamous-slogan-c703ccede552,business
https://medium.com/swlh/why-companies-are-choosing-different-ways-to-go-public-9b67361a4b22,business
https://onezero.medium.com/mewe-sold-itself-on-privacy-then-the-radical-right-arrived-e527b38e4718,business
https://thebolditalic.com/suck-less-what-local-small-business-owners-hope-for-in-2021-fa0c9b6ecb71,business
https://richardlevick.medium.com/how-to-stop-the-madness-2113bb510a3b,business
https://medium.com/codex/apple-and-google-have-too-much-power-on-their-app-stores-but-kicking-out-parler-is-justified-480bb94f6212,business
https://carmencrincoli.medium.com/a-proposal-for-change-at-mspac-79e386b84d91,business
https://marker.medium.com/less-than-half-of-u-s-companies-give-employees-mlk-day-off-3e14943a01e3,business
https://uxdesign.cc/the-public-speaking-side-quest-c043315e2c3a,ux
https://uxdesign.cc/the-big-paradox-of-productivity-8cde7ed9ed8a,ux
https://alexmandel.medium.com/how-bad-ux-almost-killed-everyone-in-jurassic-park-a8d379d8d1c8,ux
https://uxdesign.cc/and-yet-another-story-about-moving-design-files-to-figma-4bdfa853fa3d,ux
https://medium.com/design-bootcamp/how-to-make-glassmorphism-more-accessible-9121d816004c,ux
https://medium.com/design-bootcamp/why-we-should-take-portfolios-a-bit-less-seriously-a53481db0e6,ux
https://medium.com/design-bootcamp/21-things-ux-designers-need-for-21-eb8b92fbfaea,ux
https://tlowdermilk.medium.com/top-10-dos-and-don-ts-for-effective-facilitation-cadfcbc9f0f7,ux
https://uxdesign.cc/design-agency-vs-in-house-design-team-ebc81dac8f9c,ux
https://uxdesign.cc/do-you-need-a-chief-of-feedback-e905c829a9a8,ux
https://uxplanet.org/why-do-companies-need-a-design-system-2b6e00666e66,ux
https://medium.com/dayone-a-new-perspective/how-the-fear-of-edge-cases-kills-ideas-71413a2ff59d,ux
https://chuckwired.medium.com/an-in-depth-review-of-mockitt-the-figma-from-china-9ee7902127ff,ux
https://uxplanet.org/4-tips-on-remote-usability-testing-for-enterprise-applications-11ad6bc1ebd3,ux
https://medium.com/design-bootcamp/should-i-learn-webflow-to-make-my-portfolio-65674095c2e9,ux
https://uxdesign.cc/how-do-i-scale-a-ux-team-cb43818ccd7d,ux
https://uxdesign.cc/good-design-is-invisible-but-so-is-design-that-harms-1ca98569b2f3,ux
https://uxdesign.cc/why-doesnt-google-assistant-have-a-human-name-4abbdce6901c,ux
https://uxdesign.cc/how-socially-conscious-organizations-are-harnessing-the-power-of-ux-4226f92f83fe,ux
https://argodesign.medium.com/tools-not-rules-4f6736e3a7d6,ux
https://uxplanet.org/planning-the-user-research-pitch-8c88562bf6d3,ux
https://bengisudost.medium.com/how-can-we-improve-microsofts-seeing-ai-application-4cb4b074e0d6,ux
https://katieshia.medium.com/operating-event-doors-with-ease-a-ticketleap-redesign-f49d0e884d6b,ux
https://medium.com/swlh/what-is-the-difference-between-a-ui-ux-designer-and-a-product-designer-a8db26069e1e,ux
https://uxdesign.cc/why-robots-might-but-shouldnt-look-like-humans-abc23905437,ux
https://uxdesign.cc/content-that-works-for-everyone-f9d11e4922be,ux
https://medium.com/design-bootcamp/popups-are-no-longer-relevant-b41bf9d7f726,ux
https://uxdesign.cc/the-rules-of-people-first-writing-for-technologists-6a9db4a4d697,ux
https://uxdesign.cc/hey-designers-its-time-you-learned-how-the-rest-of-the-sausage-is-made-f1e40b197638,ux
https://uxdesign.cc/challenging-power-dynamics-and-individual-responsibility-a33249e99bce,ux
https://medium.com/swlh/yes-youre-both-a-designer-and-a-chef-411b08d6aa68,ux
https://medium.com/the-full-stack-researcher/what-is-mixed-methods-research-a-definition-and-why-its-becoming-so-popular-b435629e1acd,ux
https://uxdesign.cc/we-dont-have-a-climate-change-problem-we-have-a-thinking-problem-5e4e65ce29e0,ux
https://uxdesign.cc/17-slick-examples-of-websites-built-with-no-code-eeb312269179,ux
https://medium.com/super-jump/a-ux-analysis-of-cyberpunk-2077s-hud-f74afe6b9961,ux
https://who.medium.com/how-are-vaccines-developed-81de4863b95d,science
https://medium.com/insectsandthat/ethnoentomology-the-ties-the-bind-the-bugs-and-us-a6992d2a3c54,science
https://medium.com/@GrrlScientist/mini-giraffes-spotted-in-africa-for-the-first-time-ever-8681b62abdae,science
https://medium.com/edge-of-innovation/can-watching-sci-fi-movies-lead-to-more-responsible-and-ethical-innovation-7c993bdaa5c2,science
https://medium.com/technicity/japanese-researchers-make-the-first-ever-observation-of-live-cells-responding-to-a-magnetic-field-2d55ed6be072,science
https://vickywoodburn.medium.com/storms-from-the-sun-what-is-space-weather-and-why-should-we-care-66ed42439806,science
https://elemental.medium.com/get-to-know-your-vagus-nerve-bd6b2dc50ddb,science
https://elemental.medium.com/sars-cov-2-is-probably-becoming-endemic-what-does-that-mean-6f023b1ca0ec,science
https://medium.com/a-microbiome-scientist-at-large/you-aint-a-product-of-a-divine-creation-2e9a52bb4da4,science
https://medium.com/true-uncommon-sense/ive-learned-to-never-give-up-173bee365bcb,science
https://medium.com/age-of-awareness/what-life-is-really-like-as-a-marine-biologist-on-a-conservation-project-fbb0b12f0110,science
https://elemental.medium.com/influenza-nah-never-heard-of-it-1b6a55f99648,science
https://sidiropoulos.medium.com/maries-passion-6a412503473b,science
https://medium.com/predict/is-it-possible-to-turn-the-light-back-in-time-45fffe3d94f2,science
https://futurehuman.medium.com/an-algorithm-may-soon-help-people-make-babies-c55e2eab1625,science
https://medium.com/illumination/can-bananas-make-you-float-in-mid-air-2d5e901e69ed,science
https://rjallain.medium.com/macgyver-season-1-episode-18-science-notes-flashlight-3270fe31ff39,science
https://coronavirus.medium.com/theres-good-news-about-pfizer-s-covid-19-vaccine-8a2cb8e7a4b0,science
https://elemental.medium.com/coronavirus-mutations-could-eventually-evade-treatments-and-vaccines-227c017819fd,science
https://medium.com/marshalllab/tailoring-our-response-to-hiv-micro-epidemics-226365da1c0b,science
https://who.medium.com/how-do-vaccines-work-4eb2a63fb60a,science
https://medium.com/ubcscience/finding-the-needle-how-big-data-can-diagnose-disease-and-improve-patients-lives-291adc1f3118,science
https://medium.com/emergent-phenomena/creativity-faa39e372d63,science
https://medium.com/climate-conscious/a-lot-less-getting-wasted-how-beer-waste-is-being-turned-into-eco-products-9fa7829b08ff,science
https://maggiechua.medium.com/the-future-of-biology-biocomputing-8e1d154c5fc2,science
https://medium.com/@timventura/nick-cook-the-hunt-for-zero-point-uaps-and-the-global-call-to-action-b7e46ea44a61,science
https://medium.com/technicity/stretching-diamonds-can-give-them-new-electronic-optical-properties-8ea517f435ca,science
https://elemental.medium.com/the-key-to-balance-may-come-from-your-past-490579fc23f5,science
https://elemental.medium.com/should-people-with-an-autoimmune-condition-get-a-covid-19-vaccine-2e7df8f5359c,science
https://medium.com/technicity/astronomers-discover-previously-unknown-unusual-star-22d78fab1d59,science
https://medium.com/swlh/the-sediments-of-time-by-meave-leakey-review-fba6d8a4cc8d,science
https://futurehuman.medium.com/2020-saw-a-historic-drop-in-emissions-but-it-cant-last-63d7daf6176,science
https://medium.com/the-ascent/why-tesla-called-3-6-and-9-the-secret-of-the-universe-b308d8b77eb6,science
https://aaron-krumins.medium.com/interpreting-januaries-storming-of-the-capitol-building-with-evolutionary-biology-r-r-1ada96d5720c,science
https://medium.com/conscious-life/6-tips-for-minimizing-freelancers-regret-from-a-chronically-depressed-writer-4d5c68fc985d,freelancing
https://wonderbrad.medium.com/its-ok-to-work-for-free-but-you-shouldn-t-fff3c77c42a4,freelancing
https://medium.com/blankpage/boost-your-business-value-with-an-intangible-handbook-4c76a1739f49,freelancing
https://medium.com/arotec-digital/how-i-deal-with-difficult-clients-as-a-freelance-designer-b1dff86d241d,freelancing
https://medium.com/the-innovation/content-marketplaces-pros-and-cons-for-both-writers-and-buyers-ef723b1748c7,freelancing
https://medium.com/blankpage/no-writing-portfolio-use-guest-blogging-to-create-writing-samples-that-market-themselves-a8dfcfa83d03,freelancing
https://medium.com/falling-into-freelancing/meet-jenna-britton-coach-writer-human-design-practitioner-b38768df6f9,freelancing
https://medium.com/the-post-grad-survival-guide/what-will-your-first-year-of-freelancing-really-be-like-44d8276de263,freelancing
https://medium.com/the-post-grad-survival-guide/how-i-doubled-my-income-working-half-the-hours-a80d0d6dd923,freelancing
https://medium.com/to-the-pxint/should-you-monetise-your-passion-a55f23cd0c7c,freelancing
https://medium.com/the-book-mechanic/writing-a-book-outline-its-easier-than-you-think-5b00f44d7ef5,freelancing
https://medium.com/better-marketing/the-most-undervalued-force-for-building-a-successful-freelance-career-patience-751345411f0e,freelancing
https://writingcooperative.com/want-more-freelance-writing-income-keep-existing-clients-delighted-68ec5da38294,freelancing
https://medium.com/the-post-grad-survival-guide/3-ways-to-stand-out-in-a-sea-of-freelancers-and-get-the-job-1d2af2115e96,freelancing
https://medium.com/narrative/the-super-tweak-you-need-to-put-in-your-schedule-b653c5056463,freelancing
https://medium.com/terroir-life/so-you-want-to-start-a-food-business-2f3449d24512,freelancing
https://medium.com/the-post-grad-survival-guide/i-almost-let-health-insurance-strap-me-to-a-full-time-job-a18413412549,freelancing
https://medium.com/blankpage/the-future-of-freelancing-isnt-better-platforms-it-s-no-platforms-ae3a8228b6a9,freelancing
https://medium.com/work-today/what-the-rise-of-freelancing-platforms-tells-about-the-labor-market-b06d208c1efc,freelancing
https://medium.com/better-programming/how-to-win-your-first-clients-as-a-freelance-web-developer-cd6f299d6ef8,freelancing
https://medium.com/datadriveninvestor/6-rules-that-will-help-you-thrive-as-a-digital-nomad-a5bd0a7effba,freelancing
https://medium.com/blankpage/having-a-great-website-is-the-freelancing-equivalent-of-writing-a-great-resume-b4e84364f70a,freelancing
https://medium.com/the-innovation/5-things-mrbeast-will-teach-you-about-following-your-passion-985b5d5fbfab,freelancing
https://writingcooperative.com/outlining-vs-creative-reasoning-4-powerful-writing-techniques-for-beginners-f98daac44b1,freelancing
https://medium.com/falling-into-freelancing/the-experts-have-spoken-72d602c70208,freelancing
https://medium.com/blankpage/5-ways-to-find-clients-1dcbf48d2db1,freelancing
https://writingcooperative.com/help-ive-got-too-much-work-on-9da171b12224,freelancing
https://writingcooperative.com/how-to-build-a-freelance-writing-practice-so-you-can-quit-your-day-job-8d8d62bd13aa,freelancing
https://medium.com/illumination/top-5-biggest-mistakes-i-made-in-business-2f9c818edca5,freelancing
https://medium.com/writers-blokke/6-things-freelancers-should-do-during-down-time-7a23313e5084,freelancing
https://medium.com/illumination/steal-my-plan-for-cutting-out-these-5-toxic-clients-from-your-life-57f3a01c8c65,freelancing
https://levelup.gitconnected.com/how-i-went-from-hello-world-to-my-first-freelance-client-in-1-month-2bf56750f2bf,freelancing
https://medium.com/the-post-grad-survival-guide/your-first-year-as-a-freelancer-will-be-different-to-what-you-expect-bb7f9dbb544e,freelancing
https://medium.com/the-ascent/i-lost-my-first-big-client-because-i-refused-to-lie-6eab405c4daf,freelancing
https://medium.com/the-post-grad-survival-guide/millennials-are-the-poorest-generation-in-history-6dad452e1110,freelancing
https://kkholland.medium.com/the-scourge-of-the-saver-ee91c00e4a58,economy
https://medium.com/quickworkco/how-innovation-in-cloud-technology-is-transforming-the-banking-industry-48062f4324f3,economy
https://medium.com/slate/joe-bidens-first-covid-relief-bill-isn-t-screwing-around-4c916c7df72a,economy
https://medium.com/the-atlantic/how-the-low-minimum-wage-helps-rich-companies-8d6ba4c25790,economy
https://medium.com/business-insider/us-stocks-have-blown-past-the-rest-of-the-world-for-years-that-winning-streak-is-about-to-end-51fba8cdfba4,economy
https://medium.com/datadriveninvestor/robert-shiller-is-wrong-stocks-are-overvalued-817045428700,economy
https://medium.com/una-nca-snapshots/fast-fashions-climate-crisis-transforming-industries-with-a-circular-economy-47dd9a296843,economy
https://refonomy.medium.com/the-death-and-rebirth-of-the-high-street-fa124eebd40a,economy
https://andrewbusch.medium.com/bidens-top-5-economic-plans-1st-100-days-cfa057e5ef77,economy
https://andrewbusch.medium.com/top-5-economic-risks-for-2021-91ee37c93dec,economy
https://profstevekeen.medium.com/economic-failures-of-the-ipcc-process-e1fd6060092e,economy
https://andrewbusch.medium.com/why-stocks-rallied-during-riots-22feb29d458c,economy
https://marker.medium.com/the-bitcoin-dream-is-dead-8b621d2d7dbd,economy
https://medium.com/marshalllab/making-universal-basic-income-a-reality-just-press-print-c58918225c02,economy
https://medium.com/bigger-picture/quit-talking-about-philanthropy-acfabbc01699,economy
https://marker.medium.com/can-affirm-live-up-to-expectations-in-the-first-big-tech-ipo-of-2021-b71eca60a6b6,economy
https://uxdesign.cc/we-dont-have-a-climate-change-problem-we-have-a-thinking-problem-5e4e65ce29e0,economy
https://erik-engheim.medium.com/what-happens-to-norway-without-oil-income-d470006b3d12,economy
https://marker.medium.com/the-instant-ramen-boom-is-now-worth-tens-of-billions-of-dollars-89a5466620bc,economy
https://marker.medium.com/the-real-reason-so-many-companies-are-ditching-trump-8c86b7ab67b3,economy
https://medium.com/datadriveninvestor/weakening-dollar-fuels-demand-for-foreign-market-equities-6fb0cc8775ce,economy
https://medium.com/an-injustice/the-importance-of-black-wealth-for-americas-economy-f55abaa0fdaf,economy
https://medium.com/swlh/can-developing-nations-embrace-the-notion-of-going-cashless-328cb5f3f69a,economy
https://medium.com/swlh/how-did-the-stock-market-do-in-2020-d2acb894b66d,economy
https://medium.com/technicity/global-business-week-the-best-and-worst-performing-sectors-of-2020-692b1f58825f,economy
https://akhaledblog.medium.com/neoliberalism-capitalism-wealth-inequality-poverty-liberal-democracy-socialism-2e57c291ca7c,economy
https://medium.com/business-insider/how-the-pandemic-created-two-classes-the-millennial-rich-and-the-millennial-poor-5df145061307,economy
https://marker.medium.com/tesla-is-worth-more-than-exxonmobil-bp-ford-vw-nissan-and-gm-combined-8dd9ae66e355,economy
https://marker.medium.com/the-pandemic-produced-56-new-american-billionaires-b47b3335a5cf,economy
https://marker.medium.com/the-great-shopping-mall-rebirth-has-begun-3cf5f7995508,economy
https://medium.com/@simon_tang/government-debt-is-costing-you-7-times-your-student-loan-2b460f8de465,economy
https://medium.com/datadriveninvestor/a-post-capitalist-love-letter-3614c64f6692,economy
https://medium.com/yardcouch-com/is-a-crash-coming-comparing-todays-stock-market-to-the-dot-com-bubble-d2683ebe28d7,economy
https://ljgolden55.medium.com/capital-never-signed-a-social-contract-unless-forced-1de51c13a439,economy
https://davidjdeal.medium.com/5-lessons-from-business-leaders-during-uncertain-times-9ec3d0d209a0,leadership
https://medium.com/human-centered-thinking-switzerland/the-space-for-action-barrier-trap-and-a-way-to-move-forward-5ecbd033d24b,leadership
https://medium.com/the-innovation/six-leaders-six-lessons-72cbdda295cc,leadership
https://germanabarba.medium.com/why-the-future-of-work-will-be-boss-free-24d2e34089d9,leadership
https://productcoalition.com/why-great-mission-statement-matters-7db7ce33589,leadership
https://medium.com/swlh/why-the-tragedy-of-the-commons-is-wrong-1b35b2589e28,leadership
https://barry-davret.medium.com/how-to-stay-calm-motivated-and-productive-during-a-crisis-65f72c19798f,leadership
https://suzanbond.medium.com/feeling-disempowered-as-a-leader-heres-why-2b5538290f34,leadership
https://medium.com/better-humans/3-ways-leaders-can-facilitate-social-opportunities-while-working-remotely-c011c5f78a9b,leadership
https://medium.com/inc./if-youre-a-manager-and-too-busy-for-these-4-things-it-may-be-time-for-a-tune-up-2756dc41c162,leadership
https://dlorenc.medium.com/pendulum-management-dd232f87c5a4,leadership
https://entrepreneurshandbook.co/how-to-know-when-youve-found-a-great-business-partner-3398b3b44645,leadership
https://profoundhopeindustries.medium.com/build-your-companys-social-impact-plan-before-you-need-it-8acd2f954832,leadership
https://medium.com/the-ascent/this-is-how-i-turned-a-rejection-from-a-leadership-program-into-an-advantage-e88548cf55a2,leadership
https://medium.com/swlh/5-things-product-teams-get-wrong-about-the-lean-startup-2b718629064b,leadership
https://tedbauer2003.medium.com/bureaucracy-is-at-scale-and-here-to-stay-e4274bfb4c7e,leadership
https://emaxklein.medium.com/how-to-be-a-boss-people-love-working-for-fd284b71f40d,leadership
https://emaxklein.medium.com/7-powerful-quotes-to-improve-your-leadership-e202cc234175,leadership
https://medium.com/the-innovation/becoming-a-mom-opened-me-up-to-new-ways-of-leading-and-im-better-for-it-9de3bfa46131,leadership
https://medium.com/illumination-curated/the-7-mental-habits-of-successful-leaders-ebad015c9ff9,leadership
https://medium.com/forbes/being-a-nice-leader-does-not-mean-you-should-tolerate-jerks-27da7a5240f1,leadership
https://sethgodinwrites.medium.com/creativity-is-an-act-of-leadership-b627a5f5df92,leadership
https://medium.com/big-self-society/how-to-be-a-less-emotionally-contagious-leader-e6a3eecec3bf,leadership
https://medium.com/the-innovation/3-key-principles-to-level-up-your-team-5e3c67a235d6,leadership
https://medium.com/mind-cafe/having-trouble-working-well-with-others-aec48890c033,leadership
https://medium.com/oreillymedia/what-you-need-to-know-about-product-management-for-ai-e91df23a2e68,leadership
https://entrepreneurshandbook.co/3-ways-to-set-up-new-senior-level-hires-for-success-in-a-hypergrowth-start-up-482413bb4081,leadership
https://medium.com/equality-includes-you/why-are-viral-articles-on-entrepreneurial-success-never-about-women-b4c22b978c0,leadership
https://eand.co/our-societies-have-destroyed-themselves-f94d41122c4b,leadership
https://medium.com/super-jump/cyberpunk-2077-is-a-cautionary-tale-for-product-managers-d0fa72fd08b2,leadership
https://entrepreneurshandbook.co/three-things-entrepreneurs-need-to-watch-out-for-with-unconscious-manipulators-d99d7af3b1a2,leadership
https://medium.com/swlh/researchers-find-that-narcissistic-leaders-infect-the-cultures-of-their-organizations-f9e1556e0d8f,leadership
https://medium.com/swlh/so-youve-hired-a-diversity-and-inclusion-expert-here-are-six-ways-you-could-be-undermining-them-5f0b47b1c522,leadership
https://medium.com/behavior-design/david-burkus-the-one-thing-remote-leaders-need-to-know-544879567e0f,leadership
https://fernandobarbalho.medium.com/back-to-the-municipality-clusters-celestial-objects-and-maps-55c64e39f805,data-science
https://medium.com/swlh/women-entrepreneurship-and-non-parametric-tests-78cdfa83c0a0,data-science
https://medium.com/analytics-vidhya/statistical-power-c6356b63b75,data-science
https://hersanyagci.medium.com/detecting-and-handling-outliers-with-pandas-7adbfcd5cad8,data-science
https://marceldietsch.medium.com/technical-tuesday-dealing-with-missing-values-in-your-data-science-pipeline-1b2f76b35130,data-science
https://datasophy.medium.com/can-we-bridge-the-two-cultures-of-data-science-710f0109f7b9,data-science
https://medium.com/datadriveninvestor/the-most-unchallenging-eda-of-2021-data-science-fe04c3713494,data-science
https://travislusk.medium.com/offline-reporting-is-for-chumps-9970005251b4,data-science
https://medium.com/analytics-vidhya/getting-started-with-hash-tables-3693f0809905,data-science
https://christianlauer90.medium.com/bring-machine-learning-to-the-data-c85a4b2f34b6,data-science
https://preettheman.medium.com/how-to-scrape-tiktok-likes-using-python-a0831d45c2bc,data-science
https://galea.medium.com/when-to-pull-the-goalie-running-the-numbers-on-nhl-goalie-pulls-9fad2a6caceb,data-science
https://medium.com/wicds/is-your-data-quality-good-enough-to-train-a-machine-learning-algorithm-5cb43f2bfa25,data-science
https://lakshmanok.medium.com/loading-complex-csv-files-into-bigquery-using-google-sheets-53b915b7e43,data-science
https://chongjason.medium.com/customer-segmentation-using-k-means-clustering-in-r-a74d512a4cfa,data-science
https://medium.com/@rachana.bisht.2013/starbucks-capstone-challenge-7f4851ab4866,data-science
https://yadramshankar.medium.com/data-science-in-20-days-f4f5d6b4bdc9,data-science
https://medium.com/swlh/datadriven-an-exercise-in-twitter-data-retrieval-and-nlp-sentiment-analysis-dd44ffc76117,data-science
https://towardsdatascience.com/where-should-i-eat-after-the-pandemic-895731933841,data-science
https://medium.com/naomikriger/fuzzywuzzy-the-before-and-after-c3661ea62ef8,data-science
https://medium.com/towards-artificial-intelligence/hypotheses-testing-with-scipy-b5ba86430d74,data-science
https://medium.com/swlh/quick-tutorial-on-r-for-data-science-362cf77fb569,data-science
https://genotechies.medium.com/sensible-sampling-and-interpolation-for-time-series-data-38856f5a51e8,data-science
https://towardsdatascience.com/customer-segmentation-part-ii-1c94bdc03de5,data-science
https://tp6145.medium.com/logistic-regression-from-scratch-b69a2026536f,data-science
https://medium.com/swlh/the-most-bang-for-your-buck-4d546167906a,data-science
https://towardsdatascience.com/hdbscan-clustering-with-neo4j-57e0cec57560,data-science
https://towardsdatascience.com/cohort-analysis-with-python-2bdf05e36f57,data-science
https://lukianoff.medium.com/ai-americas-most-trusted-brands-funded-the-insurgency-35bf11680442,data-science
https://towardsdatascience.com/algorithms-for-data-scientists-insertion-sort-6caa69f906b3,data-science
https://medium.com/codex/7-examples-of-understanding-recursion-functions-in-python-73dbaac0967a,data-science
https://medium.com/google-cloud/building-a-data-lake-on-gcp-using-data-fusion-and-composer-49d1ba4b1d73,data-science
https://towardsdatascience.com/data-science-vs-computer-science-heres-the-difference-4b560de655f7,data-science
https://towardsdatascience.com/kedro-hands-on-build-your-own-demographics-atlas-pt-2-building-footprints-classification-8c48060e5c1a,data-science
https://towardsdatascience.com/bayesian-modelling-for-tennis-player-ranking-d151aef789a7,data-science
https://medium.com/@AlainChabrier/ai-is-not-equal-to-ml-2312e0a815e2,artificial-intelligence
https://tech.flipkart.com/the-future-of-voice-powered-shopping-in-the-land-of-language-db50c99edd77,artificial-intelligence
https://kaifulee.medium.com/give-the-a-i-economy-a-human-touch-e182f632b48,artificial-intelligence
https://medium.com/birds-view/revolutionising-industrial-inspection-the-rationale-behind-our-investment-in-energy-robotics-224ad2afd558,artificial-intelligence
https://tp6145.medium.com/logistic-regression-from-scratch-b69a2026536f,artificial-intelligence
https://lukianoff.medium.com/ai-americas-most-trusted-brands-funded-the-insurgency-35bf11680442,artificial-intelligence
https://medium.com/swlh/training-a-neural-network-to-autoshoot-in-fps-games-e105f27ec1a0,artificial-intelligence
https://medium.com/illumination-curated/how-elon-musk-could-overthrow-duolingo-e5e24994ac4b,artificial-intelligence
https://towardsdatascience.com/the-real-promise-of-ai-is-innovation-not-optimization-cf306c565aa2,artificial-intelligence
https://medium.com/swlh/a-is-for-ai-b-is-for-bias-8fabc0f4a93b,artificial-intelligence
https://medium.com/swlh/meet-the-10k-most-important-people-in-the-world-according-to-an-ai-8a1e221779e6,artificial-intelligence
https://towardsdatascience.com/why-civic-competence-in-ai-ethics-is-needed-in-2021-697ca4bed688,artificial-intelligence
https://medium.com/intuitionmachine/genes-are-to-evolution-memes-are-to-culture-dicenes-are-to-brains-6f13401a1ac3,artificial-intelligence
https://medium.com/analytics-vidhya/a-comprehensive-guide-to-logistic-regression-e0cf04fe738c,artificial-intelligence
https://medium.com/codex/5-ways-artificial-intelligence-will-transform-our-lives-99d8c5a1a445,artificial-intelligence
https://medium.com/codex/could-ai-be-the-future-of-blog-graphics-4c2171e92356,artificial-intelligence
https://medium.com/machine-meets-world/adobe-data-scientist-akash-maharajs-ai-business-advice-keep-it-simple-ee7845d540eb,artificial-intelligence
https://uxdesign.cc/why-doesnt-google-assistant-have-a-human-name-4abbdce6901c,artificial-intelligence
https://medium.com/swlh/moflin-ai-hassle-free-pet-that-learns-to-love-you-e6ecc6e4f8,artificial-intelligence
https://levelup.gitconnected.com/neural-network-from-scratch-multiply-entities-classification-72f7d5f4c2e,artificial-intelligence
https://medium.com/chargermag/zoom-into-the-future-how-about-real-time-voice-translation-b6e5ffc48bc1,artificial-intelligence
https://medium.com/linguaphile/an-argument-for-verified-humans-part-i-2b4c987e462a,artificial-intelligence
https://medium.com/good-data-initiative/gdi-deep-read-algorithmic-fairness-6ccb885f9399,artificial-intelligence
https://prasoonpandey.medium.com/artificial-intelligence-vs-machine-learning-vs-deep-learning-974c834a0a54,artificial-intelligence
https://towardsdatascience.com/impact-of-ai-decentralized-autonomous-organizations-in-the-machine-to-machine-economy-2b99a435cdd9,artificial-intelligence
https://medium.com/datadriveninvestor/ai-and-diabetes-promising-research-calls-for-jubilation-90a9ceedb431,artificial-intelligence
https://medium.com/swlh/how-ai-can-solve-problems-for-gym-studio-owners-in-2020-9b7221c446d6,artificial-intelligence
https://medium.com/swlh/6-ways-artificial-intelligence-can-take-your-gyms-sales-to-next-level-65b51d9ba4d5,artificial-intelligence
https://medium.com/swlh/launching-inqline-fit-a1a57fc26bea,artificial-intelligence
https://medium.com/datadriveninvestor/how-working-out-from-home-got-easier-65fe69664daf,artificial-intelligence
https://towardsdatascience.com/bayesian-reinforcement-learning-imitation-with-a-safety-net-6dd4d66da8bb,artificial-intelligence
https://towardsdatascience.com/predicting-the-future-of-ai-98deb3c49fe8,artificial-intelligence
https://medium.com/illumination/6-weird-facts-about-ai-robots-4d7408f850bb,artificial-intelligence
https://medium.com/datadriveninvestor/dactyl-the-robot-a-step-towards-artificial-general-intelligence-e2a57eacf9c,artificial-intelligence
https://levelup.gitconnected.com/alphago-beats-the-worlds-best-go-player-1d4ab1428bac,artificial-intelligence
https://medium.com/business-insider/a-brain-science-expert-shares-his-30-second-exercise-to-jumpstart-creative-thinking-73545e21bb2c,neuroscience
https://medium.com/age-of-empathy/you-are-powerful-beyond-all-measure-b6a6cc6d79f3,neuroscience
https://medium.com/medicine-simplified/what-is-the-nervous-system-efce309a99ac,neuroscience
https://elemental.medium.com/the-neuroscience-of-hate-fb033b7f709a,neuroscience
https://medium.com/age-of-awareness/5-fascinating-things-that-happen-to-your-brain-when-you-learn-another-language-2f075fad8f45,neuroscience
https://medium.com/the-brave-writer/how-reading-changes-your-brain-b00cc7f8eb2c,neuroscience
https://elemental.medium.com/why-learning-a-foreign-language-is-the-ultimate-brain-workout-16374b1de0f3,neuroscience
https://onezero.medium.com/larry-farwell-claims-his-lie-detector-system-can-read-your-mind-is-he-a-scam-artist-or-a-genius-2aebd4e041ca,neuroscience
https://elemental.medium.com/habits-are-the-new-resolutions-f168a9b54102,neuroscience
https://medium.com/amalgamate/how-cocaine-works-in-your-brain-56a5f86811d7,neuroscience
https://elemental.medium.com/why-your-body-sometimes-jerks-while-you-drift-into-sleep-88f8d28d643a,neuroscience
https://mind-foundation.medium.com/re-connection-a-basic-principle-of-action-behind-psychedelics-160506f9c6cc,neuroscience
https://medium.com/feed-your-brain/how-stress-makes-you-overeat-and-how-to-stop-it-9b7677cb32f6,neuroscience
https://medium.com/the-apeiron-blog/bird-brains-may-be-smarter-than-we-thought-7497f34f3d34,neuroscience
https://futurehuman.medium.com/here-are-the-major-advances-in-brain-implants-that-happened-in-2020-14ee5d806aad,neuroscience
https://elemental.medium.com/in-psychedelic-therapy-dont-forget-the-therapy-1d40f886ba45,neuroscience
https://elemental.medium.com/should-everyone-get-a-sad-lamp-this-winter-a3de9734f27b,neuroscience
https://lazarinastoy.medium.com/can-neuroscience-explain-why-owning-a-dog-makes-you-feel-happy-c5eabe2cdb4e,neuroscience
https://medium.com/monash-lens/blind-spot-are-those-with-acquired-brain-injuries-more-vulnerable-to-the-romance-scam-6697bfd840a6,neuroscience
https://sahasrap.medium.com/all-about-glioblastoma-5181480f0456,neuroscience
https://medium.com/personal-growth/are-you-mindful-or-mindless-a-neuroscientists-perspective-bba176aea0d8,neuroscience
https://elemental.medium.com/the-science-of-generosity-e00b3e293c29,neuroscience
https://medium.com/illumination/brain-plasticity-and-the-reason-why-we-dream-91e111e267ab,neuroscience
https://medium.com/the-post-grad-survival-guide/how-to-change-your-brain-in-your-20s-despite-everything-5400d0d2a623,neuroscience
https://medium.com/better-programming/body-language-mistakes-and-how-to-fix-them-6452100fb0f5,neuroscience
https://medium.com/predict/a-small-molecule-for-a-healthy-old-brain-49734ced9e3f,neuroscience
https://medium.com/an-injustice/there-is-no-female-brain-gender-differences-are-learned-not-innate-e2c3fa5ed3d,neuroscience
https://medium.com/the-mossy-lane/neurodiversity-and-communication-understanding-social-quality-as-a-relational-characteristic-366594ea6444,neuroscience
https://medium.com/better-marketing/3-cool-ways-to-tap-into-the-most-unconscious-reactions-of-our-customers-aba150312120,neuroscience
https://entrepreneurshandbook.co/best-selling-neuroscientist-reveals-how-to-think-like-an-innovator-8f16f95248e5,neuroscience
https://medium.com/super-jump/play-these-games-to-unlock-the-incredible-power-of-your-brain-b9915079e777,neuroscience
https://mind-foundation.medium.com/social-interoception-e4c9f44d4f89,neuroscience
https://medium.com/swlh/saving-the-workplace-by-design-7097f77ca7f8,neuroscience
https://mind-foundation.medium.com/neurons-on-acid-e57c2369043e,neuroscience
https://medium.com/linuxforeveryone/can-valve-save-linux-gaming-in-2021-e55e03e4ec15,gaming
https://waleedo0.medium.com/earth-2-is-a-virtual-earth-and-it-is-going-viral-what-you-need-to-know-6f902ee30af,gaming
https://litetheironman.medium.com/the-fgc-in-2021-importance-of-online-play-ae0db28eb32e,gaming
https://medium.com/super-jump/why-now-is-the-best-time-to-buy-an-xbox-one-x-a7c0a6d07891,gaming
https://medium.com/super-jump/the-old-republic-strikes-back-thanks-to-ubisoft-4932e901da96,gaming
https://medium.com/super-jump/jin-sakai-ramza-beoulve-and-invisible-revolutionaries-df9bae9b4164,gaming
https://medium.com/super-jump/revisiting-the-portable-console-wars-ddc19a85e43e,gaming
https://medium.com/super-jump/online-gaming-helped-me-survive-two-lockdowns-50b102c4b209,gaming
https://medium.com/super-jump/the-culture-of-development-crunch-10b8cbcae18e,gaming
https://medium.com/super-jump/4-reasons-to-use-video-games-as-a-language-learning-tool-447d8010c0e2,gaming
https://medium.com/super-jump/what-is-the-nintendo-difference-325f70c6b8dd,gaming
https://jeremydamen.medium.com/among-us-is-the-perfect-social-strategic-game-f215c4173cb1,gaming
https://medium.com/indian-thoughts/chess-is-good-for-the-soul-b1762071185,gaming
https://medium.com/samsung-internet-dev/making-an-ar-game-with-aframe-529e03ae90cb,gaming
https://yui-spl2.medium.com/i-built-an-app-to-learn-and-retain-japanese-words-while-im-gaming-1cdebe04547a,gaming
https://medium.com/super-jump/welcome-to-call-of-duty-warzone-glitches-hackers-and-overpowered-weapons-b1cc576f43a9,gaming
https://medium.com/the-gaming-geeks/im-going-to-uncraft-your-war-ee0065a51003,gaming
https://tasta.me/review-twin-mirror-ec1f0d18684a,gaming
https://guilhermefmota99.medium.com/phoenix-point-a-genre-evolution-or-just-more-of-the-same-7f1f66744125,gaming
https://edmond-wu0895.medium.com/assassins-creed-odyssey-thoughts-on-my-first-ever-ac-game-4b9b79b6194a,gaming
https://wilw.medium.com/gaming-as-metaphor-a5263090d0c9,gaming
https://medium.com/@johnwdefeo/best-cheap-gaming-monitors-dba013d5f505,gaming
https://tasta.me/review-when-the-past-was-around-89d736e4c370,gaming
https://medium.com/fan-fare/cyberpunk-2077-is-better-than-critics-suggest-5a5e1b5b8eea,gaming
https://medium.com/super-jump/cyberpunk-2077-is-a-cautionary-tale-for-product-managers-d0fa72fd08b2,gaming
https://medium.com/super-jump/need-for-speed-heat-is-a-surprise-cross-platform-gem-67a9a2805ec5,gaming
https://medium.com/datadriveninvestor/my-first-month-with-the-playstation-5-a79ed65ced10,gaming
https://madesruis.medium.com/of-our-own-accord-how-call-of-duty-helps-explain-the-capitol-siege-63b14ddb1e9c,gaming
https://medium.com/datadriveninvestor/stop-hiding-from-your-life-in-video-games-5e8e362d9246,gaming
https://medium.com/codex/twitch-plays-and-other-stream-games-are-positioned-to-grow-on-youtube-and-beyond-527bb13dfe43,gaming
https://medium.com/super-jump/why-2021-will-be-awesome-for-gamers-44f8618d2f7e,gaming
https://medium.com/super-jump/corrupted-blood-world-of-warcrafts-virtual-epidemic-e48f2f77ef8e,gaming
https://medium.com/super-jump/on-gaming-while-female-4dd9723524a7,gaming
https://medium.com/super-jump/one-streamer-breaks-twitch-with-2-5-million-viewers-65806e896afd,gaming
https://ravenbrunner.medium.com/no-longer-in-a-state-of-being-4f06a493e31e,mental-health
https://ryanfan.medium.com/cobra-kai-shows-weve-neglected-vietnam-war-veterans-ptsd-545e5d9d3066,mental-health
https://meredithethington.medium.com/when-you-have-mental-illness-sometimes-self-care-is-a-shower-33af39151883,mental-health
https://medium.com/super-jump/online-gaming-helped-me-survive-two-lockdowns-50b102c4b209,mental-health
https://barry-davret.medium.com/how-to-stay-calm-motivated-and-productive-during-a-crisis-65f72c19798f,mental-health
https://medium.com/invisible-illness/is-your-dog-highly-sensitive-ab70b8666b86,mental-health
https://medium.com/invisible-illness/i-would-rather-talk-about-my-depression-than-my-personality-disorder-c35ec8cd5753,mental-health
https://khaidon.medium.com/a-frog-in-your-own-hole-of-struggle-f823a4894a45,mental-health
https://medium.com/invisible-illness/how-i-write-my-way-out-of-anxiety-b4685e444d87,mental-health
https://medium.com/blankpage/how-to-channel-pain-into-writing-in-5-easy-steps-be92135d16e8,mental-health
https://entrylevelrebel.medium.com/to-be-more-resilient-in-a-crisis-focus-on-meaning-not-happiness-bb7034bc3fbf,mental-health
https://medium.com/the-ascent/7-life-lessons-ive-learned-from-my-therapist-35175415c808,mental-health
https://medium.com/in-fitness-and-in-health/how-i-use-ballet-barre-training-to-boost-my-motivation-ffb91b099c7,mental-health
https://vivnunez.medium.com/18-years-is-a-long-time-to-be-dead-c3fcff77b5c0,mental-health
https://humanparts.medium.com/therapy-and-therapists-arent-for-everyone-4019de10b7ce,mental-health
https://zitafontaine.medium.com/learn-to-create-boundaries-around-your-time-ce15c7180173,mental-health
https://medium.com/the-ascent/how-i-climbed-out-of-the-lowest-point-of-my-life-eb930897382b,mental-health
https://sarahstankorb.medium.com/the-lesson-well-carry-in-our-bodies-8d185cb4772c,mental-health
https://medium.com/the-ascent/dont-let-working-from-home-age-you-prematurely-f4588538df24,mental-health
https://medium.com/wholistique/covid-19-is-making-us-worry-and-that-can-be-deadly-88a4e10d5688,mental-health
https://thebolditalic.com/life-lessons-from-the-founder-of-the-first-suicide-hotline-50b1993fa1fd,mental-health
https://medium.com/invisible-illness/dont-hide-your-mental-illness-in-the-closet-91618d550ec4,mental-health
https://medium.com/invisible-illness/the-checklist-that-saves-my-life-bafba54385f2,mental-health
https://medium.com/wholistique/5-types-of-smart-self-saboteurs-ee17dfd84231,mental-health
https://medium.com/the-ascent/9-powerful-ways-to-reset-your-mind-and-improve-mental-focus-5246044702ba,mental-health
https://medium.com/in-fitness-and-in-health/first-of-all-its-not-imposter-syndrome-8680e7a375b,mental-health
https://medium.com/invisible-illness/why-do-you-feel-like-everybody-is-mad-at-you-3601c350f075,mental-health
https://medium.com/invisible-illness/how-being-abused-made-me-a-monster-and-how-i-can-change-that-2fac6415b37e,mental-health
https://forge.medium.com/im-tired-of-basic-human-needs-being-seen-as-self-care-for-women-54ef206e918c,mental-health
https://medium.com/growing-grief/the-equations-of-grief-how-much-is-reasonable-and-who-deserves-to-grieve-c94ddd699dd0,mental-health
https://medium.com/exploring-sobriety/how-i-broke-through-my-cynicism-over-addiction-7954dc4dd082,mental-health
https://medium.com/invisible-illness/the-problem-with-an-osfed-diagnosis-7b33ab4390d8,mental-health
https://medium.com/shelterme/10-mindful-practices-to-soothe-chronic-pain-be4a6e303a48,mental-health
https://medium.com/an-injustice/back-to-therapy-how-a-mormon-conversion-therapy-survivor-finds-the-faith-to-try-therapy-again-31e0a03c377f,mental-health
https://deepakdilipkumar.medium.com/deciding-against-a-phd-76a8c8e5c937,education
https://arunsureshwrites.medium.com/why-you-shouldnt-use-analogies-to-learn-89a2db42f282,education
https://williamstome.medium.com/state-of-shock-de834eeec089,education
https://medium.com/super-jump/4-reasons-to-use-video-games-as-a-language-learning-tool-447d8010c0e2,education
https://medium.com/age-of-awareness/mindfulness-practices-in-schools-are-working-its-time-to-teach-what-s-behind-them-3c7ed125aa63,education
https://knowlesteachers.medium.com/collective-action-a-view-from-the-2019-chicago-teachers-union-strike-83780d357159,education
https://medium.com/dukeuniversity/a-flipped-classroom-sparks-online-student-engagement-7d6d8bce9694,education
https://medium.com/the-ascent/basing-the-next-40-years-on-your-degree-could-lead-to-unhappiness-814860ebd60e,education
https://medium.com/inspired-ideas-prek-12/how-to-establish-a-safe-virtual-learning-environment-d141b5b8a868,education
https://medium.com/skilluped/7-awful-tips-about-language-learning-you-should-never-follow-c6524ec6ea96,education
https://wilw.medium.com/the-golden-apples-of-the-hesperides-92e109efef13,education
https://towardsdatascience.com/how-to-transition-from-academia-to-data-science-5821ebe598a,education
https://medium.com/age-of-awareness/the-impact-of-music-on-childrens-brains-23a8dc7c03ae,education
https://medium.com/the-sundial-acmrs/podcast-pedagogy-5185e1c1016e,education
https://medium.com/georgetown-cew/when-back-to-school-meets-stay-at-home-baba00b82625,education
https://rickhess99.medium.com/what-the-assault-on-the-capitol-means-for-educators-1fc169d5d1ff,education
https://medium.com/inspired-ideas-prek-12/make-every-virtual-moment-count-bac1b96cfda9,education
https://towardsdatascience.com/7-lessons-learned-from-7-months-of-remote-mentoring-b9cebf0cf222,education
https://medium.com/mind-cafe/how-lateral-thinking-can-make-you-more-creative-and-better-at-learning-75a684b10ff,education
https://medium.com/datadriveninvestor/somebody-has-to-say-it-too-many-people-are-going-to-college-b24f226ac1a6,education
https://medium.com/the-mossy-lane/five-things-your-neurodivergent-students-need-this-year-a71f4c0e0c1d,education
https://medium.com/codex/how-to-minimize-cheating-during-online-assessments-b45d54f77e7a,education
https://adamdhalla.medium.com/why-math-in-school-is-boring-the-curriculums-blind-spot-de54a99d4263,education
https://devdaveframe.medium.com/automated-writing-evaluation-methods-and-shortcomings-fba34ecc580a,education
https://medium.com/@shaylargriffin/what-schools-should-be-asking-now-f3391e13bee6,education
https://arcdigital.media/poverty-of-the-imagination-624c51f6026b,education
https://knowlesteachers.medium.com/the-impact-of-stealing-conflict-8a5ed86d55c8,education
https://medium.com/blankpage/self-education-bc134dc1fba2,education
https://medium.com/curious/how-to-take-a-test-8c6a871b18fb,education
https://medium.com/an-injustice/dear-penn-professor-who-used-the-nazi-phrase-and-salute-ad7ab24892cc,education
https://medium.com/swlh/how-to-take-notes-4575193db335,education
https://medium.com/the-post-grad-survival-guide/5-things-i-wish-someone-had-told-me-about-life-in-college-d92d04194e74,education
https://medium.com/the-faculty/countdown-to-a-hybrid-classroom-part-i-planting-the-seeds-51d3cdb40062,education
https://medium.com/the-faculty/president-elect-biden-and-secretary-designate-cardona-we-need-an-american-history-ed-czar-d75e0c059695,education
https://theclumsygypsy.medium.com/the-best-meditation-techniques-for-adhd-40627e892212,mindfulness
https://medium.com/woodworkers-of-the-world-unite/mindfulness-woodworking-218107406180,mindfulness
https://orenjaysofer.medium.com/why-meditation-might-not-heal-this-exhaustion-cdf9ed3e9631,mindfulness
https://medium.com/age-of-awareness/mindfulness-practices-in-schools-are-working-its-time-to-teach-what-s-behind-them-3c7ed125aa63,mindfulness
https://medium.com/the-ascent/this-is-the-real-truth-about-the-dark-side-of-mindfulness-e67f9d71d69d,mindfulness
https://medium.com/an-idea/the-one-thing-i-wished-i-learned-earlier-in-life-610b66aa8ded,mindfulness
https://medium.com/mind-cafe/5-short-quotes-from-antoine-de-saint-exupry-for-mindful-decision-making-dbcf1a062264,mindfulness
https://medium.com/the-ascent/thinking-of-trying-meditation-3-reasons-why-you-should-eb55c5afb44f,mindfulness
https://medium.com/curious/introducing-the-alexander-technique-42a6a50de556,mindfulness
https://medium.com/shelterme/10-mindful-practices-to-soothe-chronic-pain-be4a6e303a48,mindfulness
https://medium.com/dev-genius/how-do-i-push-myself-to-learn-new-things-everyday-9051d8255d51,mindfulness
https://medium.com/mind-cafe/3-powerful-principles-from-the-dalai-lama-that-can-help-get-you-through-any-crisis-2a9823b3158e,mindfulness
https://medium.com/spiritual-secrets/the-class-by-taryn-toomey-helped-me-purge-the-overwhelm-49fd14e84d0,mindfulness
https://medium.com/codex/impressions-of-virtual-reality-meditation-tripp-review-422df2fd5071,mindfulness
https://medium.com/curious/how-i-will-be-more-present-this-year-140fd66d3455,mindfulness
https://forge.medium.com/an-exercise-to-feel-calmer-right-now-d8f45de5eb69,mindfulness
https://medium.com/lilibetovesen/how-to-practice-silence-for-women-who-need-to-check-in-with-themselves-like-right-now-fd75b0bf5f49,mindfulness
https://medium.com/mind-cafe/5-quotes-by-thich-nhat-hanh-to-inspire-you-to-become-more-mindful-954231198271,mindfulness
https://medium.com/mind-cafe/3-ways-to-get-to-know-yourself-better-298a6a15c86d,mindfulness
https://medium.com/live-your-life-on-purpose/how-to-integrate-gratitude-into-your-lifestyle-db564f016bf3,mindfulness
https://medium.com/illumination/how-to-begin-a-meditation-practice-8cdc108eea2b,mindfulness
https://medium.com/indian-thoughts/revisiting-the-law-of-attraction-so-it-actually-works-4c5f188ad071,mindfulness
https://medium.com/in-fitness-and-in-health/5-forgotten-insights-from-yoga-for-a-better-you-79a0688c1c90,mindfulness
https://psiloveyou.xyz/healthy-beginnings-middles-and-ends-a-grownup-love-story-c4bcfda91c4d,mindfulness
https://medium.com/age-of-awareness/5-quotes-by-keanu-reeves-that-may-help-you-live-an-authentic-and-wholesome-life-d2a51d80a9d9,mindfulness
https://medium.com/curious/universal-mind-the-thinking-stuff-from-which-all-things-are-made-573adb3cce32,mindfulness
https://medium.com/the-ascent/simple-habits-of-mindful-people-you-can-adopt-today-2ad509deae4d,mindfulness
https://psiloveyou.xyz/which-is-the-most-important-quality-in-a-solid-relationship-6ddabb337511,mindfulness
https://medium.com/how-to-do-you/grow-your-curiosity-through-mindfulness-b085c14e533d,mindfulness
https://medium.com/in-fitness-and-in-health/why-you-may-want-to-put-exercise-ahead-of-mindfulness-b235de40a3f9,mindfulness
https://medium.com/the-ascent/6-powerful-lessons-from-my-first-100-days-of-meditation-1bafafe4a35e,mindfulness
https://medium.com/illumination/how-to-have-a-mindful-morning-2a192ce16ea1,mindfulness
https://evebigaj.medium.com/snorkeling-in-my-subconscious-e4b8ddbf7f04,mindfulness
https://medium.com/curious/a-menstrual-healing-meditation-helped-me-dig-into-a-goldmine-of-inner-wisdom-82b51bc02e42,mindfulness
https://medium.com/illumination/how-to-increase-your-sales-using-these-5-effective-strategies-ffeb81514ef8,startups
https://medium.com/swlh/the-future-of-micromobility-2d4d96d4e2dd,startups
https://medium.com/writers-blokke/6-killer-business-lessons-i-learned-from-shark-tank-201f7b6c8c5c,startups
https://medium.com/technology-hits/i-studied-entrepreneurship-in-4-countries-heres-how-to-fix-it-in-europe-553c951802a,startups
https://medium.com/swlh/how-to-write-an-impressive-business-plan-35c763c92f62,startups
https://medium.com/texas-mccombs-news/entrepreneurial-thinking-eed0cd9ac21d,startups
https://medium.com/swlh/how-to-use-small-to-large-approach-that-solves-complex-business-problems-d4f4828c8781,startups
https://adrien-book.medium.com/how-to-create-your-best-business-model-canvas-yet-f3a51c53bc0c,startups
https://also.roybahat.com/where-should-we-begin-eb153bff2630,startups
https://medium.com/better-programming/6-traits-to-show-to-ace-that-behavioral-interview-697aa571eaf,startups
https://jacobeyoung.medium.com/birds-nest-the-unmasking-of-a-vc-hype-cycle-58fd080fb882,startups
https://medium.com/bloomberg/the-startup-with-thousands-of-electric-vehicles-and-hundreds-of-collisions-917d828418ee,startups
https://entrepreneurshandbook.co/how-to-know-when-youve-found-a-great-business-partner-3398b3b44645,startups
https://entrepreneurshandbook.co/my-go-to-book-recommendation-for-current-and-future-entrepreneurs-47b52d475fda,startups
https://blossomstreetventures.medium.com/asking-your-investors-for-he-cff45746d1bc,startups
https://medium.com/swlh/if-you-want-to-win-pitch-competitions-avoid-these-10-common-mistakes-1047f8517ea3,startups
https://jproco.medium.com/heres-what-investors-want-to-see-in-your-startup-s-product-f107fc3cea39,startups
https://entrepreneurshandbook.co/the-future-of-entrepreneurship-lies-in-the-hands-of-the-multi-skilled-603b0def329b,startups
https://entrepreneurshandbook.co/success-comes-from-doubling-down-on-the-20-of-your-actions-that-deliver-80-of-your-results-510eebaa835f,startups
https://medium.com/swlh/5-things-product-teams-get-wrong-about-the-lean-startup-2b718629064b,startups
https://goldenratioclub.medium.com/while-elon-musk-became-the-richest-man-in-the-world-55038778df8c,startups
https://medium.com/design-bootcamp/a-prototype-poc-or-mvp-which-path-to-take-76ca29cf0a81,startups
https://uxdesign.cc/how-do-i-scale-a-ux-team-cb43818ccd7d,startups
https://medium.com/better-marketing/the-critical-seo-factors-that-google-and-facebook-dont-want-you-to-know-about-596d1a3bd3f4,startups
https://medium.com/authority-magazine/michael-lines-of-simplyprotein-5-things-you-need-to-create-a-successful-food-line-or-specialty-f37a1c36eeec,startups
https://entrepreneurshandbook.co/what-you-learn-at-a-startup-that-grows-from-0-to-2-billion-valuation-in-1-year-985fd9b91cec,startups
https://entrepreneurshandbook.co/robert-greenes-6-laws-of-power-that-entrepreneurs-need-to-know-1ba48ddf0e2d,startups
https://entrepreneurshandbook.co/4-business-newsletters-i-make-sure-to-read-every-single-day-2c16ee2cb138,startups
https://entrepreneurshandbook.co/want-faster-career-progress-act-more-like-headspaces-new-coo-7772a538c775,startups
https://entrepreneurshandbook.co/3-ways-to-set-up-new-senior-level-hires-for-success-in-a-hypergrowth-start-up-482413bb4081,startups
https://medium.com/equality-includes-you/why-are-viral-articles-on-entrepreneurial-success-never-about-women-b4c22b978c0,startups
https://medium.com/the-innovation/how-to-be-successful-in-a-niche-market-1bbf7bf4061e,startups
https://medium.com/datadriveninvestor/planning-to-work-at-a-startup-306f1f89f89f,startups
https://medium.com/swlh/why-hardware-startups-are-hard-and-how-you-can-make-it-easier-398c7df0e6f7,startups
https://medium.com/better-marketing/influencers-fly-while-others-die-1f3ea80c18f6,social-media
https://medium.com/afrosapiophile/no-silencing-the-neo-nazis-wont-magically-fix-things-45f715df455b,social-media
https://dleib.medium.com/were-parler-influencers-paid-to-incite-violence-at-the-capitol-fc9da59ac3a9,social-media
https://medium.com/discourse/what-parler-reveals-about-conservative-america-63ee9e31e83c,social-media
https://medium.com/swlh/the-case-for-breaking-up-facebook-37c3b64c6832,social-media
https://medium.com/bigger-picture/yes-we-should-all-be-talking-about-free-speech-cf6e22300fda,social-media
https://thejennifermqshow.medium.com/did-parler-earn-its-fate-83f225e500e2,social-media
https://medium.com/illumination-curated/what-hannah-arendt-can-teach-us-about-the-capitol-hill-insurrection-b86cd437735b,social-media
https://medium.com/atta-girl/tiktok-is-restoring-my-faith-in-humanity-860c01950a6d,social-media
https://journojoshua.medium.com/is-deplatforming-a-form-of-freedom-of-association-d74aefa33dc,social-media
https://medium.com/@lizrioshall/yes-but-no-de48361956d5,social-media
https://medium.com/better-marketing/the-paradox-of-prankvertising-d6197bbbd9f5,social-media
https://medium.com/the-new-york-times/millions-flock-to-telegram-and-signal-as-fears-grow-over-big-tech-24a1f08c256a,social-media
https://medium.com/mind-cafe/the-social-science-that-explains-unhappiness-in-the-21st-century-1864d452191b,social-media
https://onezero.medium.com/the-moderation-war-is-coming-to-spotify-substack-and-clubhouse-9fe00672091b,social-media
https://gen.medium.com/have-you-tried-to-moderate-15-million-people-82a5988fe0e4,social-media
https://mhurtebize.medium.com/in-business-with-memories-a8f39a144b28,social-media
https://medium.com/caseworx/qanon-is-a-game-misunderstanding-the-radical-moment-1da46bd68589,social-media
https://medium.com/writers-blokke/i-cant-imagine-downloading-tiktok-as-a-teenager-fc430fe4ecaa,social-media
https://medium.com/the-forgotten-generation/think-twice-before-connecting-with-your-colleagues-on-facebook-532d5d8681fa,social-media
https://medium.com/an-injustice/is-my-memoji-darker-than-me-856870e8f54e,social-media
https://medium.com/swlh/violent-hashtag-frequencies-in-parler-eddab2871b66,social-media
https://medium.com/the-innovation/time-saving-hacks-for-keeping-up-your-social-media-presence-395fcdfd8374,social-media
https://onezero.medium.com/mewe-sold-itself-on-privacy-then-the-radical-right-arrived-e527b38e4718,social-media
https://medium.com/yardcouch-com/dont-be-fooled-claps-likes-follower-counts-are-vanity-metrics-93dabb68b394,social-media
https://medium.com/codex/apple-and-google-have-too-much-power-on-their-app-stores-but-kicking-out-parler-is-justified-480bb94f6212,social-media
https://medium.com/center-for-media-data-and-society/trump-v-tech-what-is-censorship-and-who-gets-to-do-it-a567b6a341df,social-media
https://medium.com/swlh/regulating-the-tech-giants-isnt-a-zero-sum-game-81e342c33013,social-media
https://medium.com/live-your-life-on-purpose/i-hope-the-dead-check-their-facebook-page-ac2945f1d145,social-media
https://medium.com/chargermag/yes-you-should-delete-whatsapp-and-move-to-signal-a7ab10684915,social-media
https://medium.com/the-ascent/how-a-social-media-detox-can-help-you-be-more-focused-calm-and-present-492df396a2ad,social-media
https://medium.com/the-new-york-times/jobless-selling-nudes-online-and-still-struggling-608babe628c8,social-media
https://medium.com/age-of-awareness/social-media-can-restore-hope-189093436ae4,social-media
https://gen.medium.com/i-still-cant-get-over-the-insurrectionists-posting-their-crimes-online-dfa174a4a00f,social-media
https://uxdesign.cc/the-public-speaking-side-quest-c043315e2c3a,design
https://amymrogers.medium.com/my-advice-for-job-hunting-junior-designers-78b6c3a9f948,design
https://alexmandel.medium.com/how-bad-ux-almost-killed-everyone-in-jurassic-park-a8d379d8d1c8,design
https://uxdesign.cc/and-yet-another-story-about-moving-design-files-to-figma-4bdfa853fa3d,design
https://medium.com/human-centered-thinking-switzerland/the-space-for-action-barrier-trap-and-a-way-to-move-forward-5ecbd033d24b,design
https://celinefucci.medium.com/efficient-design-system-practices-a38145cd854b,design
https://medium.com/design-bootcamp/how-to-make-glassmorphism-more-accessible-9121d816004c,design
https://medium.com/technology-hits/when-is-the-last-time-you-ate-a-hyperbolic-paraboloid-snack-c106c8385d30,design
https://terramovement.medium.com/sustainable-product-design-a-quick-guide-3a12ac5db9ac,design
https://medium.com/design-bootcamp/why-we-should-take-portfolios-a-bit-less-seriously-a53481db0e6,design
https://medium.com/arotec-digital/how-i-deal-with-difficult-clients-as-a-freelance-designer-b1dff86d241d,design
https://tlowdermilk.medium.com/top-10-dos-and-don-ts-for-effective-facilitation-cadfcbc9f0f7,design
https://uxdesign.cc/design-agency-vs-in-house-design-team-ebc81dac8f9c,design
https://uxdesign.cc/do-you-need-a-chief-of-feedback-e905c829a9a8,design
https://uxplanet.org/why-do-companies-need-a-design-system-2b6e00666e66,design
https://amandarelyeavoss.medium.com/4-colour-palette-samples-to-create-a-strong-brand-presence-cae6305e5dd4,design
https://medium.com/gestalten/the-last-dreamers-of-modernity-93d0b86e1c66,design
https://uxdesign.cc/fixing-user-personas-6da3f00e75b3,design
https://medium.com/better-marketing/your-product-has-too-many-features-b4557c7df203,design
https://uxdesign.cc/the-creativity-killer-nobody-talks-about-5879430003ca,design
https://kathleenagaton.medium.com/made-in-the-philippines-c166a8a87336,design
https://medium.com/design-bootcamp/change-by-design-by-tim-brown-fae796e45c79,design
https://medium.com/design-bootcamp/should-i-learn-webflow-to-make-my-portfolio-65674095c2e9,design
https://medium.com/ideaplatz/giving-voice-to-your-voice-designs-f14108a3909a,design
https://medium.com/nightingale/choosing-your-color-impact-da08880b00a9,design
https://medium.com/design-bootcamp/3-types-of-customer-analysis-to-identify-b2b-e-commerce-opportunities-and-support-design-decisions-ee46fac0e3ff,design
https://martinedic.medium.com/help-wanted-psychedelic-experience-designer-87e1554b7ca1,design
https://uxdesign.cc/good-design-is-invisible-but-so-is-design-that-harms-1ca98569b2f3,design
https://medium.com/insider/how-a-widows-quest-for-a-healthier-lifestyle-inspired-her-to-build-a-non-toxic-tiny-home-70d0c9b35415,design
https://uxdesign.cc/design-like-elon-musk-using-6-fundamental-principles-4aaab08d5e41,design
https://nathantia.medium.com/what-2020-taught-me-about-designing-with-purpose-in-2021-51001559e469,design
https://argodesign.medium.com/tools-not-rules-4f6736e3a7d6,design
https://medium.com/perceive-more/reimagining-design-thinking-how-the-groundbreaking-georgia-elections-demonstrate-inclusive-a903ff2db8be,design
https://katieshia.medium.com/operating-event-doors-with-ease-a-ticketleap-redesign-f49d0e884d6b,design
https://uxdesign.cc/the-expectation-of-sustainable-architecture-afd69f6ead26,design
